artist,image,isNew,lastPos,peakPos,rank,title,weeks,date
Santana Featuring Rob Thomas,,False,1,1,1,Smooth,15,1999-10-31
Puff Daddy Featuring R. Kelly,,False,2,2,2,Satisfy You,7,1999-10-31
Mariah Carey Featuring Jay-Z,,False,3,1,3,Heartbreaker,10,1999-10-31
Lou Bega,,False,4,4,4,Mambo No. 5 (A Little Bit Of...),11,1999-10-31
TLC,,False,5,1,5,Unpretty,20,1999-10-31
Marc Anthony,,False,7,6,6,I Need To Know,9,1999-10-31
Whitney Houston,,False,8,7,7,My Love Is Your Love,10,1999-10-31
Brian McKnight,,False,12,8,8,Back At One,11,1999-10-31
Deborah Cox With R.L.,,False,9,8,9,We Can't Be Friends,9,1999-10-31
Len,,False,14,10,10,Steal My Sunshine,13,1999-10-31
Sugar Ray,,False,11,7,11,Someday,19,1999-10-31
Red Hot Chili Peppers,,False,10,9,12,Scar Tissue,23,1999-10-31
'N Sync & Gloria Estefan,,False,6,2,13,Music Of My Heart,10,1999-10-31
Britney Spears,,False,16,14,14,(You Drive Me) Crazy,8,1999-10-31
Christina Aguilera,,False,13,1,15,Genie In A Bottle,19,1999-10-31
702,,False,15,4,16,Where My Girls At?,28,1999-10-31
98 Degrees,,False,17,13,17,I Do (Cherish You),14,1999-10-31
Ideal,,False,21,18,18,Get Gone,12,1999-10-31
Jennifer Lopez,,False,25,19,19,Waiting For Tonight,4,1999-10-31
Donell Jones,,False,24,20,20,U Know What's Up,7,1999-10-31
Ricky Martin,,False,20,2,21,She's All I Ever Had,14,1999-10-31
Smash Mouth,,False,19,4,22,All Star,25,1999-10-31
Juvenile Featuring Mannie Fresh & Lil' Wayne,,False,22,22,23,Back That Thang Up,18,1999-10-31
R. Kelly,,False,18,12,24,If I Could Turn Back The Hands Of Time,11,1999-10-31
Jessica Simpson,,False,33,25,25,I Wanna Love You Forever,4,1999-10-31
Martina McBride,,False,29,26,26,I Love You,11,1999-10-31
Goo Goo Dolls,,False,23,16,27,Black Balloon,18,1999-10-31
Warren G Featuring Mack 10,,False,28,28,28,I Want It All,8,1999-10-31
Backstreet Boys,,False,30,29,29,Larger Than Life,8,1999-10-31
Q-Tip,,False,26,26,30,Vivrant Thing,17,1999-10-31
Shania Twain,,False,35,31,31,Man! I Feel Like A Woman!,26,1999-10-31
Sixpence None The Richer,,False,36,32,32,There She Goes,9,1999-10-31
Tal Bachman,,False,31,14,33,She's So High,21,1999-10-31
Eve,,False,39,34,34,Gotta Man,8,1999-10-31
Enrique Iglesias,,False,27,1,35,Bailamos,18,1999-10-31
Tim McGraw,,False,34,28,36,Something Like That,13,1999-10-31
Backstreet Boys,,False,37,6,37,I Want It That Way,29,1999-10-31
Destiny's Child,,False,38,38,38,Bug A Boo,7,1999-10-31
Eric Benet Featuring Tamia,,False,32,21,39,Spend My Life With You,19,1999-10-31
IMx,,False,43,40,40,Stay The Night,5,1999-10-31
"B.G. Featuring Baby, Turk, Mannie Fresh, Juvenile & Lil' Wayne",,False,40,40,41,Bling Bling,8,1999-10-31
Steve Wariner,,False,42,42,42,I'm Already Taken,9,1999-10-31
Savage Garden,,False,48,43,43,I Knew I Loved You,3,1999-10-31
Mandy Moore,,False,41,41,44,Candy,9,1999-10-31
George Strait,,False,45,45,45,What Do You Say To That,10,1999-10-31
Montgomery Gentry,,False,46,46,46,Lonely And Gone,15,1999-10-31
Will Smith Featuring K-Ci,,False,60,47,47,Will 2K,2,1999-10-31
Train,,False,54,48,48,Meet Virginia,5,1999-10-31
Lenny Kravitz,,False,49,49,49,American Woman,17,1999-10-31
Blaque,,False,63,50,50,Bring It All To Me,3,1999-10-31
LeAnn Rimes,,False,51,51,51,Big Deal,4,1999-10-31
Clint Black,,False,58,52,52,When I Said I Do,4,1999-10-31
John Michael Montgomery,,False,53,53,53,Home To You,6,1999-10-31
Ginuwine,,False,44,16,54,So Anxious,17,1999-10-31
Marc Nelson,,False,59,55,55,15 Minutes,6,1999-10-31
Creed,,False,52,52,56,Higher,9,1999-10-31
Fastball,,False,56,20,57,Out Of My Head,19,1999-10-31
Mint Condition,,True,0,58,58,If You Love Me,1,1999-10-31
Smash Mouth,,False,83,59,59,Then The Morning Comes,2,1999-10-31
Melissa Etheridge,,False,57,51,60,Angels Would Fall,8,1999-10-31
Shania Twain,,False,67,61,61,Come On Over,3,1999-10-31
Brad Paisley,,False,73,62,62,He Didn't Have To Be,3,1999-10-31
Foo Fighters,,False,68,63,63,Learn To Fly,4,1999-10-31
Dixie Chicks,,False,47,39,64,Ready To Run,16,1999-10-31
Andy Griggs,,False,65,65,65,I'll Go Crazy,6,1999-10-31
Yankee Grey,,False,71,66,66,All Things Considered,8,1999-10-31
Blink-182,,False,66,58,67,What's My Age Again?,17,1999-10-31
Sole Featuring JT Money & Kandi,,False,84,68,68,"4, 5, 6",2,1999-10-31
Faith Evans,,False,64,17,69,Never Gonna Let You Go,18,1999-10-31
Ol' Dirty Bastard Featuring Kelis,,False,74,70,70,Got Your Money,3,1999-10-31
Garth Brooks as Chris Gaines,,False,55,5,71,Lost In You,9,1999-10-31
Montell Jordan,,False,80,72,72,Get It On Tonite,3,1999-10-31
Prince,,False,95,73,73,The Greatest Romance Ever Sold,3,1999-10-31
Bush,,False,75,70,74,The Chemicals Between Us,6,1999-10-31
JAY-Z,,False,70,52,75,Girls' Best Friend,11,1999-10-31
Reba,,False,88,76,76,What Do You Say,2,1999-10-31
Mark Wills,,False,62,60,77,She's In Love,9,1999-10-31
Live,,False,78,78,78,The Dolphin's Cry,4,1999-10-31
Kenny Chesney,,False,72,34,79,You Had Me From Hello,18,1999-10-31
Rage Against The Machine,,False,69,69,80,Guerrilla Radio,2,1999-10-31
Faith Hill,,True,0,81,81,Breathe,1,1999-10-31
Kid Rock,,False,82,82,82,Cowboy,2,1999-10-31
Kevon Edmonds,,True,0,83,83,24/7,1,1999-10-31
Counting Crows,,True,0,84,84,Hanginaround,1,1999-10-31
Brandy,,False,79,79,85,U Don't Know Me (Like U Used To),3,1999-10-31
Snoop Dogg Featuring Xzibit & Nate Dogg,,False,77,77,86,B-Please,5,1999-10-31
Edwin McCain,,False,85,37,87,I Could Not Ask For More,20,1999-10-31
Chad Brock,,False,86,86,88,Lightning Does The Work,11,1999-10-31
Phil Collins,,False,81,21,89,You'll Be In My Heart,19,1999-10-31
Chico DeBarge,,False,90,90,90,Give You What You Want (Fa Sure),3,1999-10-31
EVE & Nokio,,False,76,29,91,What Ya Want,19,1999-10-31
Dru Hill,,False,93,79,92,Beauty,7,1999-10-31
Ty Herndon,,False,97,93,93,Steam,4,1999-10-31
Fatboy Slim,,False,0,78,94,The Rockafeller Skank,16,1999-10-31
Silk,,False,100,62,95,Meeting In My Bedroom,12,1999-10-31
JAY-Z,,False,96,28,96,Jigga My N****,20,1999-10-31
LFO,,False,87,3,97,Summer Girls,17,1999-10-31
Amber,,False,98,93,98,Sexual (Li Da Di),14,1999-10-31
Pharoahe Monch,,False,99,99,99,Simon Says,3,1999-10-31
Tracie Spencer,,False,91,18,100,It's All About You (Not About Me),13,1999-10-31
Santana Featuring Rob Thomas,,False,1,1,1,Smooth,19,1999-11-30
Brian McKnight,,False,2,2,2,Back At One,15,1999-11-30
Marc Anthony,,False,3,3,3,I Need To Know,13,1999-11-30
Lou Bega,,False,4,3,4,Mambo No. 5 (A Little Bit Of...),15,1999-11-30
Jessica Simpson,,False,5,5,5,I Wanna Love You Forever,8,1999-11-30
Whitney Houston,,False,6,6,6,My Love Is Your Love,14,1999-11-30
Savage Garden,,False,13,7,7,I Knew I Loved You,7,1999-11-30
Jennifer Lopez,,False,9,8,8,Waiting For Tonight,8,1999-11-30
Donell Jones,,False,11,9,9,U Know What's Up,11,1999-11-30
TLC,,False,7,1,10,Unpretty,24,1999-11-30
Len,,False,12,9,11,Steal My Sunshine,17,1999-11-30
Puff Daddy Featuring R. Kelly,,False,10,2,12,Satisfy You,11,1999-11-30
702,,False,15,4,13,Where My Girls At?,32,1999-11-30
Mariah Carey Featuring Jay-Z,,False,8,1,14,Heartbreaker,14,1999-11-30
LFO,,False,16,15,15,Girl On TV,3,1999-11-30
Ideal,,False,14,13,16,Get Gone,16,1999-11-30
Blaque,,False,19,17,17,Bring It All To Me,7,1999-11-30
Britney Spears,,False,17,10,18,(You Drive Me) Crazy,12,1999-11-30
Sugar Ray,,False,18,7,19,Someday,23,1999-11-30
Juvenile Featuring Mannie Fresh & Lil' Wayne,,False,21,19,20,Back That Thang Up,22,1999-11-30
"Missy ""Misdemeanor"" Elliott Featuring NAS, EVE & Q-Tip",,False,36,21,21,Hot Boyz,2,1999-11-30
Kevon Edmonds,,False,68,22,22,24/7,5,1999-11-30
Smash Mouth,,False,27,23,23,Then The Morning Comes,6,1999-11-30
Red Hot Chili Peppers,,False,20,9,24,Scar Tissue,27,1999-11-30
Will Smith Featuring K-Ci,,False,26,25,25,Will 2K,6,1999-11-30
Train,,False,32,26,26,Meet Virginia,9,1999-11-30
98 Degrees,,False,23,13,27,I Do (Cherish You),18,1999-11-30
Christina Aguilera,,False,22,1,28,Genie In A Bottle,23,1999-11-30
Marc Nelson,,False,44,29,29,15 Minutes,10,1999-11-30
Backstreet Boys,,False,28,25,30,Larger Than Life,12,1999-11-30
Martina McBride,,False,25,24,31,I Love You,15,1999-11-30
Foo Fighters,,False,42,32,32,Learn To Fly,8,1999-11-30
Clint Black,,False,35,33,33,When I Said I Do,8,1999-11-30
IMx,,False,31,31,34,Stay The Night,9,1999-11-30
Mint Condition,,False,30,30,35,If You Love Me,5,1999-11-30
Smash Mouth,,False,29,4,36,All Star,29,1999-11-30
LeAnn Rimes,,False,41,37,37,Big Deal,8,1999-11-30
Eve,,False,33,26,38,Gotta Man,12,1999-11-30
"B.G. Featuring Baby, Turk, Mannie Fresh, Juvenile & Lil' Wayne",,False,40,36,39,Bling Bling,12,1999-11-30
Tal Bachman,,False,34,14,40,She's So High,25,1999-11-30
Sole Featuring JT Money & Kandi,,False,47,41,41,"4, 5, 6",6,1999-11-30
Faith Hill,,False,51,42,42,Breathe,5,1999-11-30
Brad Paisley,,False,46,43,43,He Didn't Have To Be,7,1999-11-30
Deborah Cox With R.L.,,False,24,8,44,We Can't Be Friends,13,1999-11-30
John Michael Montgomery,,False,48,45,45,Home To You,10,1999-11-30
Counting Crows,,False,60,46,46,Hanginaround,5,1999-11-30
Goo Goo Dolls,,False,38,16,47,Black Balloon,22,1999-11-30
Ol' Dirty Bastard Featuring Kelis,,False,59,48,48,Got Your Money,7,1999-11-30
Celine Dion,,False,65,49,49,That's The Way It Is,4,1999-11-30
Lenny Kravitz,,False,49,49,50,American Woman,21,1999-11-30
Christina Aguilera,,False,71,51,51,What A Girl Wants,2,1999-11-30
Ricky Martin,,False,66,52,52,Shake Your Bon-Bon,3,1999-11-30
Sixpence None The Richer,,False,43,32,53,There She Goes,13,1999-11-30
Montell Jordan,,False,61,54,54,Get It On Tonite,7,1999-11-30
Tim McGraw,,False,54,28,55,Something Like That,17,1999-11-30
Destiny's Child,,False,39,33,56,Bug A Boo,11,1999-11-30
Creed,,False,57,52,57,Higher,13,1999-11-30
Shania Twain,,False,58,58,58,Come On Over,7,1999-11-30
Ricky Martin,,False,52,2,59,She's All I Ever Had,18,1999-11-30
Yankee Grey,,False,64,60,60,All Things Considered,12,1999-11-30
Warren G Featuring Mack 10,,False,37,23,61,I Want It All,12,1999-11-30
M2M,,False,53,53,62,Don't Say You Love Me,3,1999-11-30
Reba,,False,69,63,63,What Do You Say,6,1999-11-30
Alan Jackson,,False,70,64,64,Pop A Top,4,1999-11-30
George Strait,,False,56,45,65,What Do You Say To That,14,1999-11-30
R. Kelly,,False,45,12,66,If I Could Turn Back The Hands Of Time,15,1999-11-30
Bush,,False,75,67,67,The Chemicals Between Us,10,1999-11-30
Prince,,False,63,63,68,The Greatest Romance Ever Sold,7,1999-11-30
Robbie Williams,,False,77,69,69,Angels,3,1999-11-30
'N Sync & Gloria Estefan,,False,62,2,70,Music Of My Heart,14,1999-11-30
Chico DeBarge,,False,78,71,71,Give You What You Want (Fa Sure),7,1999-11-30
Dixie Chicks,,False,79,72,72,Cowboy Take Me Away,2,1999-11-30
Sisqo Featuring Make It Hot,,False,76,73,73,Got To Get It,3,1999-11-30
Filter,,False,91,74,74,Take A Picture,2,1999-11-30
Mary J. Blige,,False,80,75,75,Deep Inside,4,1999-11-30
Tim McGraw,,False,85,76,76,My Best Friend,2,1999-11-30
Fatboy Slim,,False,87,77,77,The Rockafeller Skank,20,1999-11-30
Mandy Moore,,False,67,41,78,Candy,13,1999-11-30
Andy Griggs,,False,73,65,79,I'll Go Crazy,10,1999-11-30
Live,,False,81,78,80,The Dolphin's Cry,8,1999-11-30
Kenny Chesney,,False,86,81,81,She Thinks My Tractor's Sexy,3,1999-11-30
Steve Wariner,,False,72,42,82,I'm Already Taken,13,1999-11-30
Rage Against The Machine,,False,84,69,83,Guerrilla Radio,6,1999-11-30
Kelis,,True,0,84,84,Caught Out There,1,1999-11-30
Ty Herndon,,False,83,83,85,Steam,8,1999-11-30
Ice Cube Featuring Mack 10 & Ms. Toi,,True,0,86,86,You Can Do It,1,1999-11-30
Randy Travis,,False,82,82,87,A Man Ain't Made Of Stone,4,1999-11-30
Amber,,False,88,88,88,Sexual (Li Da Di),17,1999-11-30
Blink-182,,True,0,89,89,All The Small Things,1,1999-11-30
Enrique Iglesias,,True,0,90,90,Rhythm Divine,1,1999-11-30
Limp Bizkit,,True,0,91,91,Re-arranged,1,1999-11-30
Nas,,False,94,92,92,NAStradamus,2,1999-11-30
Dr. Dre Featuring Snoop Dogg,,False,93,93,93,Still D.R.E.,2,1999-11-30
Limp Bizkit Featuring Method Man,,True,0,94,94,N 2 Gether Now,1,1999-11-30
Clay Walker,,True,0,95,95,"Live, Laugh, Love",1,1999-11-30
Dru Hill,,False,97,79,96,Beauty,11,1999-11-30
Snoop Dogg Featuring Xzibit & Nate Dogg,,False,96,77,97,B-Please,9,1999-11-30
Montgomery Gentry,,False,74,46,98,Lonely And Gone,19,1999-11-30
Lil' Wayne Featuring Juvenile & B.G.,,True,0,99,99,Tha Block Is Hot,1,1999-11-30
Beth Hart,,False,99,99,100,L.A. Song,2,1999-11-30
Santana Featuring Rob Thomas,,False,1,1,1,Smooth,23,1999-12-31
Brian McKnight,,False,2,2,2,Back At One,19,1999-12-31
Jessica Simpson,,False,3,3,3,I Wanna Love You Forever,12,1999-12-31
Whitney Houston,,False,5,4,4,My Love Is Your Love,18,1999-12-31
Savage Garden,,False,4,4,5,I Knew I Loved You,11,1999-12-31
Marc Anthony,,False,6,3,6,I Need To Know,17,1999-12-31
"Missy ""Misdemeanor"" Elliott Featuring NAS, EVE & Q-Tip",,False,7,7,7,Hot Boyz,6,1999-12-31
Donell Jones,,False,8,7,8,U Know What's Up,15,1999-12-31
Blaque,,False,9,9,9,Bring It All To Me,11,1999-12-31
LFO,,False,11,10,10,Girl On TV,7,1999-12-31
Christina Aguilera,,False,13,11,11,What A Girl Wants,6,1999-12-31
Kevon Edmonds,,False,10,10,12,24/7,9,1999-12-31
Eiffel 65,,False,16,13,13,Blue (Da Ba Dee),4,1999-12-31
Smash Mouth,,False,14,14,14,Then The Morning Comes,10,1999-12-31
Jagged Edge,,False,17,15,15,He Can't Love U,4,1999-12-31
Jennifer Lopez,,False,12,8,16,Waiting For Tonight,12,1999-12-31
Celine Dion,,False,30,17,17,That's The Way It Is,8,1999-12-31
Christina Aguilera,,False,47,18,18,The Christmas Song (Chestnuts Roasting On An Open Fire),3,1999-12-31
Guy,,False,29,19,19,Dancin',3,1999-12-31
Len,,False,15,9,20,Steal My Sunshine,21,1999-12-31
Montell Jordan,,False,24,21,21,Get It On Tonite,11,1999-12-31
Foo Fighters,,False,22,22,22,Learn To Fly,12,1999-12-31
LeAnn Rimes,,False,26,23,23,Big Deal,12,1999-12-31
Train,,False,21,21,24,Meet Virginia,13,1999-12-31
TLC,,False,20,1,25,Unpretty,28,1999-12-31
Faith Hill,,False,28,26,26,Breathe,9,1999-12-31
Juvenile Featuring Mannie Fresh & Lil' Wayne,,False,25,19,27,Back That Thang Up,26,1999-12-31
Sole Featuring JT Money & Kandi,,False,23,21,28,"4, 5, 6",10,1999-12-31
IMx,,False,36,29,29,Stay The Night,13,1999-12-31
M2M,,False,44,30,30,Don't Say You Love Me,7,1999-12-31
702,,False,19,4,31,Where My Girls At?,36,1999-12-31
Lou Bega,,False,18,3,32,Mambo No. 5 (A Little Bit Of...),19,1999-12-31
Counting Crows,,False,35,33,33,Hanginaround,9,1999-12-31
Filter,,False,38,34,34,Take A Picture,6,1999-12-31
Ideal,,False,27,13,35,Get Gone,20,1999-12-31
Sugar Ray,,False,34,7,36,Someday,27,1999-12-31
Brad Paisley,,False,31,30,37,He Didn't Have To Be,11,1999-12-31
Ol' Dirty Bastard Featuring Kelis,,False,33,33,38,Got Your Money,11,1999-12-31
Ricky Martin,,False,39,39,39,Shake Your Bon-Bon,7,1999-12-31
Mint Condition,,False,40,30,40,If You Love Me,9,1999-12-31
Goo Goo Dolls,,False,37,16,41,Black Balloon,26,1999-12-31
Enrique Iglesias,,False,67,42,42,Rhythm Divine,5,1999-12-31
Mariah Carey Featuring Joe & 98 Degrees,,False,50,43,43,Thank God I Found You,4,1999-12-31
Puff Daddy Featuring R. Kelly,,False,32,2,44,Satisfy You,15,1999-12-31
Lonestar,,False,45,24,45,Amazed,22,1999-12-31
Reba,,False,46,46,46,What Do You Say,10,1999-12-31
Ice Cube Featuring Mack 10 & Ms. Toi,,False,42,42,47,You Can Do It,5,1999-12-31
Dixie Chicks,,False,52,48,48,Cowboy Take Me Away,6,1999-12-31
Clint Black,,False,41,31,49,When I Said I Do,12,1999-12-31
Tim McGraw,,False,54,50,50,My Best Friend,6,1999-12-31
Sisqo Featuring Make It Hot,,False,48,48,51,Got To Get It,7,1999-12-31
Blink-182,,False,59,52,52,All The Small Things,5,1999-12-31
98 Degrees,,True,0,53,53,This Gift,1,1999-12-31
Kenny G,,False,89,54,54,Auld Lang Syne,2,1999-12-31
Robbie Williams,,False,56,55,55,Angels,7,1999-12-31
Destiny's Child,,False,83,56,56,Say My Name,2,1999-12-31
Alan Jackson,,False,55,55,57,Pop A Top,8,1999-12-31
Kelis,,False,63,58,58,Caught Out There,5,1999-12-31
Marc Nelson,,False,43,27,59,15 Minutes,14,1999-12-31
Mariah Carey Featuring Jay-Z,,False,51,1,60,Heartbreaker,18,1999-12-31
Creed,,False,61,52,61,Higher,17,1999-12-31
"B.G. Featuring Baby, Turk, Mannie Fresh, Juvenile & Lil' Wayne",,False,62,36,62,Bling Bling,16,1999-12-31
Will Smith Featuring K-Ci,,False,58,25,63,Will 2K,10,1999-12-31
Mary J. Blige,,False,64,64,64,Deep Inside,8,1999-12-31
Yankee Grey,,False,57,55,65,All Things Considered,16,1999-12-31
Martina McBride,,False,60,24,66,I Love You,19,1999-12-31
Amber,,False,69,67,67,Sexual (Li Da Di),21,1999-12-31
Ginuwine,,False,71,68,68,None Of Ur Friends Business,4,1999-12-31
SHeDAISY,,False,97,69,69,Deck The Halls,2,1999-12-31
D'Angelo Featuring Method Man And Redman,,False,75,70,70,Left & Right,4,1999-12-31
Lonestar,,False,80,71,71,Smile,3,1999-12-31
R.E.M.,,False,79,72,72,The Great Beyond,2,1999-12-31
Destiny's Child,,False,72,33,73,Bug A Boo,15,1999-12-31
Backstreet Boys,,True,0,74,74,Show Me The Meaning Of Being Lonely,1,1999-12-31
Deborah Cox With R.L.,,False,77,8,75,We Can't Be Friends,17,1999-12-31
Britney Spears,,False,53,10,76,(You Drive Me) Crazy,16,1999-12-31
J-Shin Featuring LaTocha Scott,,False,96,77,77,One Night Stand,2,1999-12-31
Limp Bizkit Featuring Method Man,,False,78,78,78,N 2 Gether Now,5,1999-12-31
Angie Stone,,False,86,79,79,No More Rain (In This Cloud),2,1999-12-31
John Michael Montgomery,,False,68,45,80,Home To You,14,1999-12-31
Bush,,False,73,67,81,The Chemicals Between Us,14,1999-12-31
Lil' Wayne Featuring Juvenile & B.G.,,False,84,82,82,Tha Block Is Hot,5,1999-12-31
Rage Against The Machine,,False,87,69,83,Guerrilla Radio,10,1999-12-31
Clay Walker,,False,94,84,84,"Live, Laugh, Love",5,1999-12-31
The Notorious B.I.G. Featuring Puff Daddy & Lil' Kim,,False,88,82,85,Notorious B.I.G.,4,1999-12-31
Kenny Chesney,,False,74,74,86,She Thinks My Tractor's Sexy,7,1999-12-31
Backstreet Boys,,False,70,25,87,Larger Than Life,16,1999-12-31
Sixpence None The Richer,,False,76,32,88,There She Goes,17,1999-12-31
Prince,,False,92,63,89,The Greatest Romance Ever Sold,11,1999-12-31
Fatboy Slim,,False,82,77,90,The Rockafeller Skank,24,1999-12-31
Chico DeBarge,,False,90,71,91,Give You What You Want (Fa Sure),11,1999-12-31
'N Sync & Gloria Estefan,,False,85,2,92,Music Of My Heart,18,1999-12-31
Chad Brock With Hank Williams Jr. & George Jones,,True,0,93,93,A Country Boy Can Survive (Y2K Version),1,1999-12-31
Joe,,True,0,94,94,I Wanna Know,1,1999-12-31
Limp Bizkit,,False,95,90,95,Re-arranged,5,1999-12-31
Beth Hart,,False,99,96,96,L.A. Song,6,1999-12-31
Eve,,False,66,26,97,Gotta Man,16,1999-12-31
Joe Diffie,,True,0,98,98,The Quittin' Kind,1,1999-12-31
Ty Herndon,,False,91,83,99,Steam,12,1999-12-31
Nas,,False,100,92,100,NAStradamus,6,1999-12-31
Savage Garden,,False,1,1,1,I Knew I Loved You,16,2000-01-31
Christina Aguilera,,False,2,1,2,What A Girl Wants,11,2000-01-31
Santana Featuring Rob Thomas,,False,3,1,3,Smooth,28,2000-01-31
Brian McKnight,,False,4,2,4,Back At One,24,2000-01-31
Montell Jordan,,False,15,5,5,Get It On Tonite,16,2000-01-31
Blaque,,False,5,5,6,Bring It All To Me,16,2000-01-31
Eiffel 65,,False,6,6,7,Blue (Da Ba Dee),9,2000-01-31
"Missy ""Misdemeanor"" Elliott Featuring NAS, EVE & Q-Tip",,False,7,5,8,Hot Boyz,11,2000-01-31
Celine Dion,,False,8,8,9,That's The Way It Is,13,2000-01-31
Marc Anthony,,False,9,3,10,I Need To Know,22,2000-01-31
Whitney Houston,,False,10,4,11,My Love Is Your Love,23,2000-01-31
Filter,,False,19,12,12,Take A Picture,11,2000-01-31
Smash Mouth,,False,11,11,13,Then The Morning Comes,15,2000-01-31
Backstreet Boys,,False,16,14,14,Show Me The Meaning Of Being Lonely,6,2000-01-31
Blink-182,,False,26,15,15,All The Small Things,10,2000-01-31
Destiny's Child,,False,13,13,16,Say My Name,7,2000-01-31
Lonestar,,False,14,14,17,Amazed,27,2000-01-31
Jagged Edge,,False,18,15,18,He Can't Love U,9,2000-01-31
Jessica Simpson,,False,12,3,19,I Wanna Love You Forever,17,2000-01-31
'N Sync,,False,42,20,20,Bye Bye Bye,2,2000-01-31
Faith Hill,,False,23,21,21,Breathe,14,2000-01-31
Mariah Carey Featuring Joe & 98 Degrees,,False,22,22,22,Thank God I Found You,9,2000-01-31
Donell Jones,,False,17,7,23,U Know What's Up,20,2000-01-31
Train,,False,21,20,24,Meet Virginia,18,2000-01-31
Third Eye Blind,,False,32,25,25,Never Let You Go,3,2000-01-31
Foo Fighters,,False,20,19,26,Learn To Fly,17,2000-01-31
Dixie Chicks,,False,27,27,27,Cowboy Take Me Away,11,2000-01-31
Ricky Martin,,False,91,28,28,Shake Your Bon-Bon,12,2000-01-31
Tim McGraw,,False,29,29,29,My Best Friend,11,2000-01-31
Sonique,,False,52,30,30,It Feels So Good,3,2000-01-31
LeAnn Rimes,,False,25,23,31,Big Deal,17,2000-01-31
Counting Crows,,False,28,28,32,Hanginaround,14,2000-01-31
Joe,,False,41,33,33,I Wanna Know,6,2000-01-31
Reba,,False,31,31,34,What Do You Say,15,2000-01-31
D'Angelo,,False,56,35,35,Untitled (How Does It Feel),3,2000-01-31
Jennifer Lopez,,False,24,8,36,Waiting For Tonight,17,2000-01-31
Goo Goo Dolls,,False,33,16,37,Black Balloon,31,2000-01-31
Enrique Iglesias,,False,38,32,38,Rhythm Divine,10,2000-01-31
LFO,,False,34,10,39,Girl On TV,12,2000-01-31
Sugar Ray,,False,54,40,40,Falls Apart,4,2000-01-31
702,,False,30,4,41,Where My Girls At?,41,2000-01-31
Lonestar,,False,44,42,42,Smile,8,2000-01-31
Mark Wills,,False,51,43,43,Back At One,4,2000-01-31
Amber,,False,49,44,44,Sexual (Li Da Di),26,2000-01-31
Kevon Edmonds,,False,35,10,45,24/7,14,2000-01-31
Eve Featuring Faith Evans,,False,46,46,46,Love Is Blind,5,2000-01-31
Dr. Dre Featuring Eminem,,False,55,47,47,Forgot About Dre,3,2000-01-31
Ginuwine,,False,48,48,48,None Of Ur Friends Business,9,2000-01-31
J-Shin Featuring LaTocha Scott,,False,62,49,49,One Night Stand,7,2000-01-31
Sugar Ray,,False,40,7,50,Someday,32,2000-01-31
Sisqo Featuring Make It Hot,,False,43,40,51,Got To Get It,12,2000-01-31
Brad Paisley,,False,50,30,52,He Didn't Have To Be,16,2000-01-31
Vertical Horizon,,False,61,53,53,Everything You Want,3,2000-01-31
Ice Cube Featuring Mack 10 & Ms. Toi,,False,45,35,54,You Can Do It,10,2000-01-31
Alan Jackson,,False,47,43,55,Pop A Top,13,2000-01-31
Angie Stone,,False,60,56,56,No More Rain (In This Cloud),7,2000-01-31
Snoop Dogg Presents Tha Eastsidaz,,False,64,57,57,G'd Up,5,2000-01-31
Guy,,False,58,19,58,Dancin',8,2000-01-31
Britney Spears,,False,76,59,59,From The Bottom Of My Broken Heart,2,2000-01-31
Ol' Dirty Bastard Featuring Kelis,,False,53,33,60,Got Your Money,16,2000-01-31
R.E.M.,,False,57,57,61,The Great Beyond,7,2000-01-31
Aaliyah,,False,84,62,62,I Don't Wanna,2,2000-01-31
Sisqo,,False,74,63,63,Thong Song,2,2000-01-31
George Strait,,False,73,64,64,The Best Day,2,2000-01-31
Jay-Z Featuring Beanie Sigel & Amil,,False,65,65,65,Do It Again (Put Ya Hands Up),4,2000-01-31
Mint Condition,,False,59,30,66,If You Love Me,14,2000-01-31
Kelis,,False,68,54,67,Caught Out There,10,2000-01-31
Sammie,,False,85,68,68,I Like It,2,2000-01-31
DMX,,False,69,69,69,What's My Name,4,2000-01-31
Clint Black,,False,63,31,70,When I Said I Do,17,2000-01-31
IMx,,False,70,23,71,Stay The Night,18,2000-01-31
Toby Keith,,False,77,72,72,How Do You Like Me Now?!,2,2000-01-31
Tracy Lawrence,,False,80,73,73,Lessons Learned,2,2000-01-31
Lou Bega,,False,75,74,74,"Tricky, Tricky",2,2000-01-31
Mary J. Blige,,False,67,63,75,Deep Inside,13,2000-01-31
Gary Allan,,False,78,76,76,Smoke Rings In The Dark,3,2000-01-31
Tracy Byrd,,False,81,77,77,Put Your Hand In Mine,2,2000-01-31
Jo Dee Messina,,False,83,78,78,Because You Love Me,2,2000-01-31
Martina McBride,,True,0,79,79,Love's The Only House,1,2000-01-31
Puff Daddy Featuring R. Kelly,,False,66,2,80,Satisfy You,20,2000-01-31
Q-Tip,,False,71,71,81,Breathe And Stop,3,2000-01-31
SHeDAISY,,True,0,82,82,This Woman Needs,1,2000-01-31
Robbie Williams,,False,72,53,83,Angels,12,2000-01-31
"Ginuwine, R.L., Tyrese, Case",,False,94,83,84,The Best Man I Can Be,5,2000-01-31
Juvenile,,True,0,85,85,U Understand,1,2000-01-31
John Michael Montgomery,,False,89,45,86,Home To You,19,2000-01-31
Lil' Wayne Featuring Juvenile & B.G.,,False,86,72,87,Tha Block Is Hot,10,2000-01-31
Limp Bizkit,,False,92,88,88,Re-arranged,10,2000-01-31
Bush,,False,82,67,89,The Chemicals Between Us,19,2000-01-31
Rage Against The Machine,,False,95,69,90,Guerrilla Radio,15,2000-01-31
Beth Hart,,False,97,90,91,L.A. Song,11,2000-01-31
Clay Walker,,False,79,74,92,"Live, Laugh, Love",10,2000-01-31
Mandy Moore,,False,0,41,93,Candy,15,2000-01-31
Joe Diffie,,False,93,90,94,The Quittin' Kind,6,2000-01-31
Sole Featuring JT Money & Kandi,,False,87,21,95,"4, 5, 6",15,2000-01-31
Destiny's Child,,False,96,33,96,Bug A Boo,20,2000-01-31
Limp Bizkit Featuring Method Man,,False,90,73,97,N 2 Gether Now,10,2000-01-31
M2M,,False,98,21,98,Don't Say You Love Me,12,2000-01-31
Dr. Dre Featuring Snoop Dogg,,False,0,93,99,Still D.R.E.,5,2000-01-31
Kenny Chesney,,False,100,74,100,She Thinks My Tractor's Sexy,12,2000-01-31
Lonestar,,False,3,1,1,Amazed,31,2000-02-29
Savage Garden,,False,1,1,2,I Knew I Loved You,20,2000-02-29
Faith Hill,,False,5,3,3,Breathe,18,2000-02-29
Mariah Carey Featuring Joe & 98 Degrees,,False,2,1,4,Thank God I Found You,13,2000-02-29
Santana Featuring The Product G&B,,False,6,5,5,Maria Maria,4,2000-02-29
Celine Dion,,False,11,6,6,That's The Way It Is,17,2000-02-29
'N Sync,,False,13,7,7,Bye Bye Bye,6,2000-02-29
Blink-182,,False,8,6,8,All The Small Things,14,2000-02-29
Backstreet Boys,,False,12,9,9,Show Me The Meaning Of Being Lonely,10,2000-02-29
Montell Jordan,,False,7,4,10,Get It On Tonite,20,2000-02-29
"Missy ""Misdemeanor"" Elliott Featuring NAS, EVE & Q-Tip",,False,10,5,11,Hot Boyz,15,2000-02-29
Christina Aguilera,,False,4,1,12,What A Girl Wants,15,2000-02-29
Santana Featuring Rob Thomas,,False,9,1,13,Smooth,32,2000-02-29
Britney Spears,,False,14,14,14,From The Bottom Of My Broken Heart,6,2000-02-29
Blaque,,False,15,5,15,Bring It All To Me,20,2000-02-29
Sonique,,False,17,16,16,It Feels So Good,7,2000-02-29
Destiny's Child,,False,18,13,17,Say My Name,11,2000-02-29
Brian McKnight,,False,16,2,18,Back At One,28,2000-02-29
Filter,,False,20,12,19,Take A Picture,15,2000-02-29
Marc Anthony,,False,21,3,20,I Need To Know,26,2000-02-29
Eiffel 65,,False,19,6,21,Blue (Da Ba Dee),13,2000-02-29
Third Eye Blind,,False,22,22,22,Never Let You Go,7,2000-02-29
Sisqo,,False,26,23,23,Thong Song,6,2000-02-29
Smash Mouth,,False,23,11,24,Then The Morning Comes,19,2000-02-29
P!nk,,True,0,25,25,There You Go,1,2000-02-29
Jagged Edge,,False,24,15,26,He Can't Love U,13,2000-02-29
Joe,,False,28,27,27,I Wanna Know,10,2000-02-29
D'Angelo,,False,25,25,28,Untitled (How Does It Feel),7,2000-02-29
Madonna,,False,35,29,29,American Pie,3,2000-02-29
Dr. Dre Featuring Eminem,,False,30,30,30,Forgot About Dre,7,2000-02-29
Vertical Horizon,,False,33,31,31,Everything You Want,7,2000-02-29
Sugar Ray,,False,29,29,32,Falls Apart,8,2000-02-29
Sammie,,False,40,33,33,I Like It,6,2000-02-29
Whitney Houston,,False,27,4,34,My Love Is Your Love,27,2000-02-29
Aaliyah,,False,38,35,35,I Don't Wanna,6,2000-02-29
Tim McGraw,,False,31,29,36,My Best Friend,15,2000-02-29
Train,,False,32,20,37,Meet Virginia,22,2000-02-29
J-Shin Featuring LaTocha Scott,,False,34,34,38,One Night Stand,11,2000-02-29
Mark Wills,,False,36,36,39,Back At One,8,2000-02-29
Dixie Chicks,,False,37,27,40,Cowboy Take Me Away,15,2000-02-29
Lonestar,,False,43,39,41,Smile,12,2000-02-29
Eve Featuring Faith Evans,,False,39,34,42,Love Is Blind,9,2000-02-29
Toby Keith,,False,45,43,43,How Do You Like Me Now?!,6,2000-02-29
George Strait,,False,44,44,44,The Best Day,6,2000-02-29
Donell Jones,,False,41,7,45,U Know What's Up,24,2000-02-29
Kid Rock,,False,47,46,46,Only God Knows Why,3,2000-02-29
Macy Gray,,False,51,47,47,I Try,3,2000-02-29
Tracy Lawrence,,False,48,48,48,Lessons Learned,6,2000-02-29
Hoku,,False,49,49,49,Another Dumb Blonde,3,2000-02-29
Foo Fighters,,False,42,19,50,Learn To Fly,21,2000-02-29
TLC,,False,52,51,51,Dear Lie,4,2000-02-29
Red Hot Chili Peppers,,False,65,52,52,Otherside,4,2000-02-29
Martina McBride,,False,58,53,53,Love's The Only House,5,2000-02-29
Marc Anthony,,False,77,54,54,You Sang To Me,2,2000-02-29
Jo Dee Messina,,False,66,55,55,Because You Love Me,6,2000-02-29
Ol' Dirty Bastard Featuring Kelis,,False,57,33,56,Got Your Money,20,2000-02-29
SHeDAISY,,False,67,57,57,This Woman Needs,5,2000-02-29
JAY-Z,,False,72,58,58,Anything,2,2000-02-29
Counting Crows,,False,56,28,59,Hanginaround,18,2000-02-29
R.E.M.,,False,59,57,60,The Great Beyond,11,2000-02-29
Enrique Iglesias,,False,61,32,61,Rhythm Divine,14,2000-02-29
Clint Black With Steve Wariner,,False,73,62,62,Been There,3,2000-02-29
Angie Stone,,False,69,56,63,No More Rain (In This Cloud),11,2000-02-29
Sisqo Featuring Make It Hot,,False,63,40,64,Got To Get It,16,2000-02-29
Snoop Dogg Presents Tha Eastsidaz,,False,55,47,65,G'd Up,9,2000-02-29
Jennifer Lopez Featuring Big Pun & Fat Joe,,False,79,66,66,Feelin' So Good,3,2000-02-29
Brad Paisley,,False,68,30,67,He Didn't Have To Be,20,2000-02-29
Reba,,False,60,31,68,What Do You Say,19,2000-02-29
Kevon Edmonds,,False,64,10,69,24/7,18,2000-02-29
Ricky Martin,,False,46,22,70,Shake Your Bon-Bon,16,2000-02-29
Hot Boys,,False,75,71,71,I Need A Hot Girl,3,2000-02-29
Garth Brooks,,False,81,72,72,Do What You Gotta Do,3,2000-02-29
Da Brat,,False,93,73,73,That's What I'm Looking For,2,2000-02-29
DMX,,False,88,74,74,Party Up (Up In Here),2,2000-02-29
Phil Vassar,,True,0,75,75,Carlene,1,2000-02-29
Metallica,,False,78,76,76,No Leaf Clover,4,2000-02-29
"Ginuwine, R.L., Tyrese, Case",,False,82,77,77,The Best Man I Can Be,9,2000-02-29
Black Rob,,True,0,78,78,Whoa!,1,2000-02-29
Puff Daddy Featuring Mario Winans & Hezekiah Walker & The Love Fe,,False,62,59,79,Best Friend,4,2000-02-29
Drama,,False,89,80,80,"Left, Right, Left",4,2000-02-29
Kumbia Kings Featuring A.B. Quintanilla,,True,0,81,81,U Don't Love Me,1,2000-02-29
2Pac + Outlawz,,False,87,82,82,Baby Don't Cry (Keep Ya Head Up II),2,2000-02-29
Whitney Houston,,False,83,83,83,I Learned From The Best,3,2000-02-29
Mint Condition,,False,85,30,84,If You Love Me,18,2000-02-29
Ginuwine,,False,71,48,85,None Of Ur Friends Business,13,2000-02-29
Chely Wright,,True,0,86,86,It Was,1,2000-02-29
Montgomery Gentry,,True,0,87,87,Daddy Won't Sell The Farm,1,2000-02-29
Tracy Byrd,,False,86,76,88,Put Your Hand In Mine,6,2000-02-29
Mandy Moore,,False,90,41,89,Candy,19,2000-02-29
DMX,,False,76,67,90,What's My Name,8,2000-02-29
Limp Bizkit,,False,91,88,91,Re-arranged,14,2000-02-29
Brian McKnight,,False,95,92,92,Stay Or Let It Go,2,2000-02-29
Robbie Williams,,False,96,53,93,Angels,16,2000-02-29
LFO,,False,80,10,94,Girl On TV,16,2000-02-29
Tracie Spencer,,True,0,95,95,Still In My Heart,1,2000-02-29
Jay-Z Featuring Beanie Sigel & Amil,,False,92,65,96,Do It Again (Put Ya Hands Up),8,2000-02-29
Juvenile,,False,98,83,97,U Understand,5,2000-02-29
Rage Against The Machine,,False,97,69,98,Guerrilla Radio,19,2000-02-29
Will Smith,,False,99,99,99,Freakin' It,4,2000-02-29
Amel Larrieux,,True,0,100,100,Get Up,1,2000-02-29
Destiny's Child,,False,1,1,1,Say My Name,15,2000-03-31
Santana Featuring The Product G&B,,False,2,2,2,Maria Maria,8,2000-03-31
Faith Hill,,False,4,3,3,Breathe,22,2000-03-31
Lonestar,,False,3,1,4,Amazed,35,2000-03-31
'N Sync,,False,5,5,5,Bye Bye Bye,10,2000-03-31
Backstreet Boys,,False,6,6,6,Show Me The Meaning Of Being Lonely,14,2000-03-31
Montell Jordan,,False,9,4,7,Get It On Tonite,24,2000-03-31
Santana Featuring Rob Thomas,,False,10,1,8,Smooth,36,2000-03-31
Celine Dion,,False,7,6,9,That's The Way It Is,21,2000-03-31
Sisqo,,False,13,10,10,Thong Song,10,2000-03-31
P!nk,,False,11,11,11,There You Go,5,2000-03-31
Savage Garden,,False,8,1,12,I Knew I Loved You,24,2000-03-31
Sonique,,False,12,12,13,It Feels So Good,11,2000-03-31
Third Eye Blind,,False,16,14,14,Never Let You Go,11,2000-03-31
Macy Gray,,False,20,15,15,I Try,7,2000-03-31
Blink-182,,False,14,6,16,All The Small Things,18,2000-03-31
Vertical Horizon,,False,19,17,17,Everything You Want,11,2000-03-31
Christina Aguilera,,False,15,1,18,What A Girl Wants,19,2000-03-31
Blaque,,False,18,5,19,Bring It All To Me,24,2000-03-31
Joe,,False,23,20,20,I Wanna Know,14,2000-03-31
Brian McKnight,,False,21,2,21,Back At One,32,2000-03-31
Marc Anthony,,False,22,3,22,I Need To Know,30,2000-03-31
"Missy ""Misdemeanor"" Elliott Featuring NAS, EVE & Q-Tip",,False,17,5,23,Hot Boyz,19,2000-03-31
Dixie Chicks,,False,29,24,24,Goodbye Earl,3,2000-03-31
Dr. Dre Featuring Eminem,,False,25,25,25,Forgot About Dre,11,2000-03-31
Kid Rock,,False,26,26,26,Only God Knows Why,7,2000-03-31
Marc Anthony,,False,30,27,27,You Sang To Me,6,2000-03-31
Whitney Houston,,False,27,27,28,I Learned From The Best,7,2000-03-31
Sammie,,False,37,29,29,I Like It,10,2000-03-31
Hoku,,False,34,30,30,Another Dumb Blonde,7,2000-03-31
Filter,,False,24,12,31,Take A Picture,19,2000-03-31
Toby Keith,,False,36,32,32,How Do You Like Me Now?!,10,2000-03-31
Smash Mouth,,False,31,11,33,Then The Morning Comes,23,2000-03-31
George Strait,,False,39,34,34,The Best Day,10,2000-03-31
Britney Spears,,False,33,14,35,From The Bottom Of My Broken Heart,10,2000-03-31
Aaliyah,,False,38,35,36,I Don't Wanna,10,2000-03-31
Red Hot Chili Peppers,,False,40,37,37,Otherside,8,2000-03-31
Aaliyah,,False,53,38,38,Try Again,3,2000-03-31
D'Angelo,,False,35,25,39,Untitled (How Does It Feel),11,2000-03-31
Madonna,,False,32,29,40,American Pie,7,2000-03-31
Creed,,False,43,41,41,Higher,22,2000-03-31
Tracy Lawrence,,False,44,42,42,Lessons Learned,10,2000-03-31
Mariah Carey Featuring Joe & 98 Degrees,,False,28,1,43,Thank God I Found You,17,2000-03-31
DMX,,False,49,44,44,Party Up (Up In Here),6,2000-03-31
Martina McBride,,False,48,45,45,Love's The Only House,9,2000-03-31
Tim McGraw,,False,41,29,46,My Best Friend,19,2000-03-31
Black Rob,,False,52,47,47,Whoa!,5,2000-03-31
Toni Braxton,,False,55,48,48,He Wasn't Man Enough,3,2000-03-31
Sugar Ray,,False,47,29,49,Falls Apart,12,2000-03-31
Train,,False,46,20,50,Meet Virginia,26,2000-03-31
Clint Black With Steve Wariner,,False,57,51,51,Been There,7,2000-03-31
Mark Wills,,False,45,36,52,Back At One,12,2000-03-31
Jagged Edge,,False,51,15,53,He Can't Love U,17,2000-03-31
Jennifer Lopez Featuring Big Pun & Fat Joe,,False,54,54,54,Feelin' So Good,7,2000-03-31
Bloodhound Gang,,False,62,55,55,The Bad Touch,3,2000-03-31
Eiffel 65,,False,42,6,56,Blue (Da Ba Dee),17,2000-03-31
Phil Vassar,,False,64,57,57,Carlene,5,2000-03-31
Lonestar,,False,50,39,58,Smile,16,2000-03-31
Dixie Chicks,,False,56,27,59,Cowboy Take Me Away,19,2000-03-31
Da Brat,,False,60,60,60,That's What I'm Looking For,6,2000-03-31
Jo Dee Messina,,False,61,53,61,Because You Love Me,10,2000-03-31
Faith Hill,,False,66,62,62,The Way You Love Me,4,2000-03-31
Enrique Iglesias,,True,0,63,63,Be With You,1,2000-03-31
Carl Thomas,,False,75,64,64,I Wish,2,2000-03-31
Kenny Rogers With Alison Krauss & Billy Dean,,False,65,65,65,Buy Me A Rose,4,2000-03-31
Eve Featuring Faith Evans,,False,59,34,66,Love Is Blind,13,2000-03-31
Andy Griggs,,False,69,67,67,She's More,4,2000-03-31
J-Shin Featuring LaTocha Scott,,False,58,34,68,One Night Stand,15,2000-03-31
Hot Boys,,False,70,65,69,I Need A Hot Girl,7,2000-03-31
Kumbia Kings Featuring A.B. Quintanilla,,False,67,62,70,U Don't Love Me,5,2000-03-31
Chely Wright,,False,72,71,71,It Was,5,2000-03-31
NAS Featuring Ginuwine,,False,74,72,72,You Owe Me,2,2000-03-31
Jessica Simpson Featuring Nick Lachey,,True,0,73,73,Where You Are,1,2000-03-31
JAY-Z,,False,63,55,74,Anything,6,2000-03-31
Collin Raye,,False,85,75,75,Couldn't Last A Moment,3,2000-03-31
Mary Mary,,False,90,76,76,Shackles (Praise You),2,2000-03-31
Lenny Kravitz,,False,78,77,77,I Belong To You,2,2000-03-31
Ricky Martin Featuring Meja,,False,71,67,78,Private Emotion,4,2000-03-31
Kenny Chesney,,True,0,79,79,What I Need To Do,1,2000-03-31
The Lox Featuring Timbaland And EVE,,False,73,73,80,"Ryde Or Die, Chick",3,2000-03-31
Montgomery Gentry,,False,79,79,81,Daddy Won't Sell The Farm,5,2000-03-31
SHeDAISY,,False,68,57,82,This Woman Needs,9,2000-03-31
Gerald Levert,,False,83,83,83,Mr. Too Damn Good,3,2000-03-31
Dave Hollister,,False,84,84,84,Can't Stay,2,2000-03-31
Trisha Yearwood,,True,0,85,85,Real Live Woman,1,2000-03-31
Drama,,False,80,73,86,"Left, Right, Left",8,2000-03-31
M2M,,True,0,87,87,Mirror Mirror,1,2000-03-31
Brian McKnight,,False,76,76,88,Stay Or Let It Go,6,2000-03-31
Angie Stone,,False,81,56,89,No More Rain (In This Cloud),15,2000-03-31
Snoop Dogg Presents Tha Eastsidaz,,False,82,47,90,G'd Up,13,2000-03-31
Ying Yang Twins,,False,94,91,91,Whistle While You Twurk,3,2000-03-31
Anastacia,,True,0,92,92,I'm Outta Love,1,2000-03-31
Metallica,,False,86,74,93,No Leaf Clover,8,2000-03-31
2Pac + Outlawz,,False,87,72,94,Baby Don't Cry (Keep Ya Head Up II),6,2000-03-31
Sisqo Featuring Make It Hot,,False,88,40,95,Got To Get It,20,2000-03-31
Westlife,,True,0,96,96,Swear It Again,1,2000-03-31
Clay Davidson,,False,97,97,97,Unconditional,2,2000-03-31
Tamar Braxton,,False,98,98,98,If You Don't Wanna Love Me,2,2000-03-31
Ty Herndon,,False,99,99,99,No Mercy,3,2000-03-31
Limp Bizkit,,False,93,88,100,Re-arranged,18,2000-03-31
Santana Featuring The Product G&B,,False,1,1,1,Maria Maria,13,2000-04-30
Toni Braxton,,False,3,2,2,He Wasn't Man Enough,8,2000-04-30
Faith Hill,,False,2,2,3,Breathe,27,2000-04-30
Sisqo,,False,4,4,4,Thong Song,15,2000-04-30
Destiny's Child,,False,5,1,5,Say My Name,20,2000-04-30
'N Sync,,False,6,4,6,Bye Bye Bye,15,2000-04-30
Macy Gray,,False,7,7,7,I Try,12,2000-04-30
Vertical Horizon,,False,9,8,8,Everything You Want,16,2000-04-30
Lonestar,,False,8,1,9,Amazed,40,2000-04-30
Sonique,,False,10,8,10,It Feels So Good,16,2000-04-30
Joe,,False,11,11,11,I Wanna Know,19,2000-04-30
Enrique Iglesias,,False,17,12,12,Be With You,6,2000-04-30
Marc Anthony,,False,13,13,13,You Sang To Me,11,2000-04-30
Aaliyah,,False,16,14,14,Try Again,8,2000-04-30
P!nk,,False,14,7,15,There You Go,10,2000-04-30
Santana Featuring Rob Thomas,,False,12,1,16,Smooth,41,2000-04-30
504 Boyz,,False,25,17,17,Wobble Wobble,4,2000-04-30
Montell Jordan,,False,15,4,18,Get It On Tonite,29,2000-04-30
Dixie Chicks,,False,20,19,19,Goodbye Earl,8,2000-04-30
Hanson,,False,22,20,20,This Time Around,3,2000-04-30
Third Eye Blind,,False,18,14,21,Never Let You Go,16,2000-04-30
Creed,,False,23,22,22,Higher,27,2000-04-30
Backstreet Boys,,False,19,6,23,Show Me The Meaning Of Being Lonely,19,2000-04-30
Carl Thomas,,False,28,24,24,I Wish,7,2000-04-30
Kid Rock,,False,21,19,25,Only God Knows Why,12,2000-04-30
Britney Spears,,False,38,26,26,Oops!...I Did It Again,3,2000-04-30
DMX,,False,27,27,27,Party Up (Up In Here),11,2000-04-30
Christina Aguilera,,False,30,28,28,I Turn To You,4,2000-04-30
Red Hot Chili Peppers,,False,29,29,29,Otherside,13,2000-04-30
Savage Garden,,False,24,1,30,I Knew I Loved You,29,2000-04-30
Celine Dion,,False,26,6,31,That's The Way It Is,26,2000-04-30
Avant,,False,62,32,32,Separated,2,2000-04-30
Savage Garden,,False,36,33,33,Crash And Burn,5,2000-04-30
Mary Mary,,False,37,34,34,Shackles (Praise You),7,2000-04-30
Marc Anthony,,False,31,3,35,I Need To Know,35,2000-04-30
George Strait,,False,33,31,36,The Best Day,15,2000-04-30
matchbox twenty,,False,60,37,37,Bent,2,2000-04-30
Toby Keith,,False,35,31,38,How Do You Like Me Now?!,15,2000-04-30
Jay-Z Featuring UGK,,False,52,39,39,Big Pimpin',3,2000-04-30
Kenny Rogers With Alison Krauss & Billy Dean,,False,43,40,40,Buy Me A Rose,9,2000-04-30
Faith Hill,,False,42,41,41,The Way You Love Me,9,2000-04-30
Blaque,,False,32,5,42,Bring It All To Me,29,2000-04-30
Blink-182,,False,41,6,43,All The Small Things,23,2000-04-30
Christina Aguilera,,False,39,1,44,What A Girl Wants,24,2000-04-30
Alice Deejay,,False,48,45,45,Better Off Alone,5,2000-04-30
Westlife,,False,55,46,46,Swear It Again,6,2000-04-30
Dr. Dre Featuring Eminem,,False,34,25,47,Forgot About Dre,16,2000-04-30
Brian McKnight,,False,40,2,48,Back At One,37,2000-04-30
Elton John,,False,56,49,49,Someday Out Of The Blue,3,2000-04-30
Phil Vassar,,False,45,45,50,Carlene,10,2000-04-30
Andy Griggs,,False,51,51,51,She's More,9,2000-04-30
Sammie,,False,46,24,52,I Like It,15,2000-04-30
Goo Goo Dolls,,False,58,53,53,Broadway,3,2000-04-30
Vitamin C,,False,54,54,54,Graduation (Friends Forever),4,2000-04-30
Clint Black With Steve Wariner,,False,44,44,55,Been There,12,2000-04-30
Hoku,,False,53,27,56,Another Dumb Blonde,12,2000-04-30
Clay Walker,,False,57,57,57,The Chain Of Love,4,2000-04-30
Black Rob,,False,47,43,58,Whoa!,10,2000-04-30
Chad Brock,,False,61,59,59,Yes!,5,2000-04-30
Martina McBride,,False,50,42,60,Love's The Only House,14,2000-04-30
Aaliyah,,False,49,35,61,I Don't Wanna,15,2000-04-30
Mya Featuring Jadakiss,,False,65,62,62,Best Of Me,4,2000-04-30
Collin Raye,,False,63,63,63,Couldn't Last A Moment,8,2000-04-30
Britney Spears,,False,64,14,64,From The Bottom Of My Broken Heart,15,2000-04-30
Donell Jones,,False,71,65,65,Where I Wanna Be,3,2000-04-30
3 Doors Down,,False,67,66,66,Kryptonite,5,2000-04-30
NAS Featuring Ginuwine,,False,59,59,67,You Owe Me,7,2000-04-30
M2M,,False,75,68,68,Mirror Mirror,6,2000-04-30
Kenny Chesney,,False,69,68,69,What I Need To Do,6,2000-04-30
Eminem,,True,0,70,70,The Real Slim Shady,1,2000-04-30
Da Brat,,False,70,56,71,That's What I'm Looking For,11,2000-04-30
Son By Four,,False,79,72,72,Purest Of Pain (A Puro Dolor),5,2000-04-30
LFO,,False,68,61,73,I Don't Wanna Kiss You Goodnight,4,2000-04-30
Clay Davidson,,False,78,74,74,Unconditional,7,2000-04-30
Big Punisher Featuring Donell Jones,,False,87,75,75,It's So Hard,3,2000-04-30
Mary J. Blige,,False,77,76,76,Give Me You,4,2000-04-30
Jagged Edge,,True,0,77,77,Let's Get Married,1,2000-04-30
Ying Yang Twins,,False,74,74,78,Whistle While You Twurk,8,2000-04-30
D'Angelo,,False,73,25,79,Untitled (How Does It Feel),16,2000-04-30
Bloodhound Gang,,False,72,52,80,The Bad Touch,8,2000-04-30
Tracy Lawrence,,False,66,40,81,Lessons Learned,15,2000-04-30
'N Sync,,True,0,82,82,It's Gonna Be Me,1,2000-04-30
Yankee Grey,,False,86,83,83,Another Nine Minutes,2,2000-04-30
Trace Adkins,,False,84,84,84,More,2,2000-04-30
Nine Days,,True,0,85,85,Absolutely (Story Of A Girl),1,2000-04-30
BBMak,,False,99,86,86,Back Here,2,2000-04-30
Rascal Flatts,,True,0,87,87,Prayin' For Daylight,1,2000-04-30
Eric Heatherly,,False,95,88,88,Flowers On The Wall,2,2000-04-30
Sugar Ray,,False,80,29,89,Falls Apart,17,2000-04-30
Lenny Kravitz,,False,83,71,90,I Belong To You,7,2000-04-30
Trisha Yearwood,,False,81,81,91,Real Live Woman,6,2000-04-30
Ty Herndon,,False,94,92,92,No Mercy,6,2000-04-30
Jessica Simpson Featuring Nick Lachey,,False,76,62,93,Where You Are,6,2000-04-30
Mark Wills,,False,90,36,94,Back At One,17,2000-04-30
Hot Boys,,False,92,65,95,I Need A Hot Girl,12,2000-04-30
Drama,,False,98,73,96,"Left, Right, Left",13,2000-04-30
Gerald Levert,,False,88,76,97,Mr. Too Damn Good,8,2000-04-30
Chely Wright,,False,85,64,98,It Was,10,2000-04-30
Nelly,,False,100,99,99,(Hot S**t) Country Grammar,2,2000-04-30
Kumbia Kings Featuring A.B. Quintanilla,,False,89,62,100,U Don't Love Me,10,2000-04-30
Santana Featuring The Product G&B,,False,1,1,1,Maria Maria,17,2000-05-31
Marc Anthony,,False,5,2,2,You Sang To Me,15,2000-05-31
Faith Hill,,False,2,2,3,Breathe,31,2000-05-31
Sisqo,,False,3,3,4,Thong Song,19,2000-05-31
Toni Braxton,,False,4,2,5,He Wasn't Man Enough,12,2000-05-31
Enrique Iglesias,,False,8,6,6,Be With You,10,2000-05-31
Vertical Horizon,,False,7,6,7,Everything You Want,20,2000-05-31
Aaliyah,,False,9,8,8,Try Again,12,2000-05-31
Macy Gray,,False,6,5,9,I Try,16,2000-05-31
Joe,,False,11,10,10,I Wanna Know,23,2000-05-31
Eminem,,False,16,11,11,The Real Slim Shady,5,2000-05-31
Britney Spears,,False,13,12,12,Oops!...I Did It Again,7,2000-05-31
Destiny's Child,,False,10,1,13,Say My Name,24,2000-05-31
Creed,,False,18,14,14,Higher,31,2000-05-31
Red Hot Chili Peppers,,False,14,14,15,Otherside,17,2000-05-31
P!nk,,False,19,7,16,There You Go,14,2000-05-31
Christina Aguilera,,False,20,17,17,I Turn To You,8,2000-05-31
'N Sync,,False,12,4,18,Bye Bye Bye,19,2000-05-31
Sonique,,False,17,8,19,It Feels So Good,20,2000-05-31
Lonestar,,False,15,1,20,Amazed,44,2000-05-31
matchbox twenty,,False,22,21,21,Bent,6,2000-05-31
Carl Thomas,,False,21,20,22,I Wish,11,2000-05-31
Santana Featuring Rob Thomas,,False,23,1,23,Smooth,45,2000-05-31
Savage Garden,,False,24,24,24,Crash And Burn,9,2000-05-31
Jay-Z Featuring UGK,,False,25,25,25,Big Pimpin',7,2000-05-31
'N Sync,,False,39,26,26,It's Gonna Be Me,5,2000-05-31
Alice Deejay,,False,29,27,27,Better Off Alone,9,2000-05-31
DMX,,False,28,27,28,Party Up (Up In Here),15,2000-05-31
Goo Goo Dolls,,False,31,29,29,Broadway,7,2000-05-31
Avant,,False,26,23,30,Separated,6,2000-05-31
Mary Mary,,False,30,28,31,Shackles (Praise You),11,2000-05-31
Chad Brock,,False,33,32,32,Yes!,9,2000-05-31
Third Eye Blind,,False,27,14,33,Never Let You Go,20,2000-05-31
BBMak,,False,38,34,34,Back Here,6,2000-05-31
Westlife,,False,37,35,35,Swear It Again,10,2000-05-31
Donell Jones,,False,41,36,36,Where I Wanna Be,7,2000-05-31
Nelly,,False,55,37,37,(Hot S**t) Country Grammar,6,2000-05-31
Jagged Edge,,False,45,38,38,Let's Get Married,5,2000-05-31
Nine Days,,False,52,39,39,Absolutely (Story Of A Girl),5,2000-05-31
Vitamin C,,False,40,40,40,Graduation (Friends Forever),8,2000-05-31
Faith Hill,,False,35,35,41,The Way You Love Me,13,2000-05-31
Andy Griggs,,False,43,42,42,She's More,13,2000-05-31
Clay Walker,,False,44,43,43,The Chain Of Love,8,2000-05-31
Kid Rock,,False,32,19,44,Only God Knows Why,16,2000-05-31
Backstreet Boys,,False,34,6,45,Show Me The Meaning Of Being Lonely,23,2000-05-31
Collin Raye,,False,48,46,46,Couldn't Last A Moment,12,2000-05-31
Savage Garden,,False,46,1,47,I Knew I Loved You,33,2000-05-31
Marc Anthony,,False,47,3,48,I Need To Know,39,2000-05-31
504 Boyz,,False,36,17,49,Wobble Wobble,8,2000-05-31
Backstreet Boys,,False,58,50,50,The One,2,2000-05-31
3 Doors Down,,False,53,51,51,Kryptonite,9,2000-05-31
Toby Keith,,False,51,31,52,How Do You Like Me Now?!,19,2000-05-31
George Strait,,False,49,31,53,The Best Day,19,2000-05-31
Clay Davidson,,False,56,54,54,Unconditional,11,2000-05-31
Lee Ann Womack,,False,61,55,55,I Hope You Dance,4,2000-05-31
Mya Featuring Jadakiss,,False,50,50,56,Best Of Me,8,2000-05-31
Kenny Chesney,,False,57,57,57,What I Need To Do,10,2000-05-31
Kenny Rogers With Alison Krauss & Billy Dean,,False,54,40,58,Buy Me A Rose,13,2000-05-31
Sting Featuring Cheb Mami,,False,72,59,59,Desert Rose,4,2000-05-31
Son By Four,,False,64,60,60,Purest Of Pain (A Puro Dolor),9,2000-05-31
Next,,False,85,61,61,Wifey,2,2000-05-31
Destiny's Child,,False,65,62,62,"Jumpin', Jumpin'",4,2000-05-31
Lucy Pearl,,False,75,63,63,Dance Tonight,3,2000-05-31
Elton John,,False,60,49,64,Someday Out Of The Blue,7,2000-05-31
Tim McGraw,,False,66,65,65,Some Things Never Change,4,2000-05-31
Rascal Flatts,,False,68,66,66,Prayin' For Daylight,5,2000-05-31
Dr. Dre Featuring Snoop Dogg,,False,78,67,67,The Next Episode,2,2000-05-31
LeAnn Rimes,,False,77,68,68,I Need You,2,2000-05-31
Trace Adkins,,False,73,69,69,More,6,2000-05-31
M2M,,False,62,62,70,Mirror Mirror,10,2000-05-31
Da Brat Featuring Tyrese,,True,0,71,71,What'Chu Like,1,2000-05-31
Reba McEntire,,False,79,72,72,I'll Be,4,2000-05-31
Jennifer Lopez Featuring Big Pun & Fat Joe,,False,74,51,73,Feelin' So Good,14,2000-05-31
Creed,,False,76,74,74,With Arms Wide Open,4,2000-05-31
NAS Featuring Ginuwine,,False,69,59,75,You Owe Me,11,2000-05-31
Big Punisher Featuring Donell Jones,,False,81,75,76,It's So Hard,7,2000-05-31
Eric Heatherly,,False,82,77,77,Flowers On The Wall,6,2000-05-31
Phil Vassar,,False,59,45,78,Carlene,14,2000-05-31
Yankee Grey,,False,83,74,79,Another Nine Minutes,6,2000-05-31
Before Dark,,False,87,80,80,Monica,3,2000-05-31
Metallica,,False,88,81,81,I Disappear,4,2000-05-31
Dr. Dre Featuring Eminem,,False,80,25,82,Forgot About Dre,20,2000-05-31
Aaliyah,,False,67,35,83,I Don't Wanna,19,2000-05-31
Clint Black With Steve Wariner,,False,63,44,84,Been There,16,2000-05-31
Black Rob,,False,70,43,85,Whoa!,14,2000-05-31
Britney Spears,,False,92,14,86,From The Bottom Of My Broken Heart,19,2000-05-31
"Trick Daddy Featuring Duece Poppito, Trina, Co",,False,95,87,87,Shut Up,3,2000-05-31
Dixie Chicks,,False,86,19,88,Goodbye Earl,12,2000-05-31
Pearl Jam,,False,84,49,89,Nothing As It Seems,4,2000-05-31
Mary J. Blige,,False,89,68,90,Give Me You,8,2000-05-31
Sammie,,False,93,24,91,I Like It,19,2000-05-31
Brad Paisley,,False,90,85,92,Me Neither,4,2000-05-31
Martina McBride,,False,91,42,93,Love's The Only House,18,2000-05-31
Da Brat,,False,94,56,94,That's What I'm Looking For,15,2000-05-31
Hanson,,False,71,20,95,This Time Around,7,2000-05-31
Ying Yang Twins,,False,97,74,96,Whistle While You Twurk,12,2000-05-31
Nu Flavor,,True,0,97,97,3 Little Words,1,2000-05-31
Bloodhound Gang,,False,96,52,98,The Bad Touch,12,2000-05-31
Tracy Lawrence,,False,99,40,99,Lessons Learned,19,2000-05-31
Kelly Price & Friends,,False,98,91,100,Love Sets You Free,4,2000-05-31
Enrique Iglesias,,False,1,1,1,Be With You,14,2000-06-30
Aaliyah,,False,2,1,2,Try Again,16,2000-06-30
Christina Aguilera,,False,17,3,3,I Turn To You,12,2000-06-30
Joe,,False,6,4,4,I Wanna Know,27,2000-06-30
Eminem,,False,4,4,5,The Real Slim Shady,9,2000-06-30
Vertical Horizon,,False,3,3,6,Everything You Want,24,2000-06-30
'N Sync,,False,9,7,7,It's Gonna Be Me,9,2000-06-30
Faith Hill,,False,5,2,8,Breathe,35,2000-06-30
Marc Anthony,,False,7,2,9,You Sang To Me,19,2000-06-30
P!nk,,False,12,7,10,There You Go,18,2000-06-30
Creed,,False,11,11,11,Higher,35,2000-06-30
matchbox twenty,,False,13,12,12,Bent,10,2000-06-30
Sisqo,,False,8,3,13,Thong Song,23,2000-06-30
Britney Spears,,False,10,9,14,Oops!...I Did It Again,11,2000-06-30
Toni Braxton,,False,16,2,15,He Wasn't Man Enough,16,2000-06-30
Macy Gray,,False,14,5,16,I Try,20,2000-06-30
Nine Days,,False,20,17,17,Absolutely (Story Of A Girl),9,2000-06-30
BBMak,,False,18,18,18,Back Here,10,2000-06-30
Santana Featuring The Product G&B,,False,15,1,19,Maria Maria,21,2000-06-30
Westlife,,False,21,20,20,Swear It Again,14,2000-06-30
Jay-Z Featuring UGK,,False,19,19,21,Big Pimpin',11,2000-06-30
Chad Brock,,False,27,22,22,Yes!,13,2000-06-30
Destiny's Child,,False,23,1,23,Say My Name,28,2000-06-30
Goo Goo Dolls,,False,26,24,24,Broadway,11,2000-06-30
Avant,,False,32,23,25,Separated,10,2000-06-30
Lonestar,,False,25,1,26,Amazed,48,2000-06-30
Carl Thomas,,False,24,20,27,I Wish,15,2000-06-30
Jagged Edge,,False,29,28,28,Let's Get Married,9,2000-06-30
Red Hot Chili Peppers,,False,22,14,29,Otherside,21,2000-06-30
Backstreet Boys,,False,31,30,30,The One,6,2000-06-30
Next,,False,36,31,31,Wifey,6,2000-06-30
Santana Featuring Rob Thomas,,False,33,1,32,Smooth,49,2000-06-30
Donell Jones,,False,35,33,33,Where I Wanna Be,11,2000-06-30
Mariah Carey Featuring Snoop Dogg,,False,28,28,34,Crybaby,2,2000-06-30
Sting Featuring Cheb Mami,,False,45,35,35,Desert Rose,8,2000-06-30
Nelly,,False,30,24,36,(Hot S**t) Country Grammar,10,2000-06-30
Destiny's Child,,False,40,37,37,"Jumpin', Jumpin'",8,2000-06-30
Lee Ann Womack,,False,41,38,38,I Hope You Dance,8,2000-06-30
Alice Deejay,,False,37,27,39,Better Off Alone,13,2000-06-30
'N Sync,,False,34,4,40,Bye Bye Bye,23,2000-06-30
Dr. Dre Featuring Snoop Dogg,,False,46,41,41,The Next Episode,6,2000-06-30
Lucy Pearl,,False,49,42,42,Dance Tonight,7,2000-06-30
Janet,,False,52,43,43,Doesn't Really Matter,3,2000-06-30
DMX,,False,42,27,44,Party Up (Up In Here),19,2000-06-30
Collin Raye,,False,43,43,45,Couldn't Last A Moment,16,2000-06-30
Savage Garden,,False,39,24,46,Crash And Burn,13,2000-06-30
3 Doors Down,,False,51,47,47,Kryptonite,13,2000-06-30
Son By Four,,False,48,48,48,Purest Of Pain (A Puro Dolor),13,2000-06-30
Sonique,,False,38,8,49,It Feels So Good,24,2000-06-30
No Doubt,,True,0,50,50,Simple Kind Of Life,1,2000-06-30
Da Brat Featuring Tyrese,,False,54,51,51,What'Chu Like,5,2000-06-30
Clay Davidson,,False,55,49,52,Unconditional,15,2000-06-30
Clay Walker,,False,44,40,53,The Chain Of Love,12,2000-06-30
Mandy Moore,,False,63,54,54,I Wanna Be With You,3,2000-06-30
Faith Hill,,False,47,35,55,The Way You Love Me,17,2000-06-30
Rascal Flatts,,False,58,56,56,Prayin' For Daylight,9,2000-06-30
Reba McEntire,,False,61,57,57,I'll Be,8,2000-06-30
Tim McGraw,,False,60,58,58,Some Things Never Change,8,2000-06-30
LeAnn Rimes,,False,59,59,59,I Need You,6,2000-06-30
Mary Mary,,False,53,28,60,Shackles (Praise You),15,2000-06-30
Lara Fabian,,False,75,61,61,I Will Love Again,4,2000-06-30
Splender,,False,62,62,62,I Think God Can Explain,4,2000-06-30
Jessica Simpson,,True,0,63,63,I Think I'm In Love With You,1,2000-06-30
Lonestar,,False,66,64,64,What About Now,4,2000-06-30
Eric Heatherly,,False,65,65,65,Flowers On The Wall,10,2000-06-30
Sisqo,,False,77,66,66,Incomplete,2,2000-06-30
Jo Dee Messina,,False,78,67,67,That's The Way,2,2000-06-30
Whitney Houston & Enrique Iglesias,,False,68,68,68,Could I Have This Kiss Forever,3,2000-06-30
Andy Griggs,,False,50,37,69,She's More,17,2000-06-30
504 Boyz,,False,64,17,70,Wobble Wobble,12,2000-06-30
Whitney Houston & Deborah Cox,,False,71,71,71,"Same Script, Different Cast",3,2000-06-30
Kenny Chesney,,False,56,56,72,What I Need To Do,14,2000-06-30
Ideal Featuring Lil' Mo,,False,67,67,73,Whatever,4,2000-06-30
Alan Jackson,,False,76,74,74,It Must Be Love,2,2000-06-30
Creed,,False,74,68,75,With Arms Wide Open,8,2000-06-30
Ruff Endz,,True,0,76,76,No More,1,2000-06-30
Don Henley,,False,79,77,77,Taking You Home,2,2000-06-30
Kid Rock,,False,69,19,78,Only God Knows Why,20,2000-06-30
Dixie Chicks,,False,80,79,79,Cold Day In July,2,2000-06-30
M2M,,False,70,62,80,Mirror Mirror,14,2000-06-30
Metallica,,False,81,76,81,I Disappear,8,2000-06-30
Billy Gilman,,False,86,82,82,One Voice,3,2000-06-30
Trace Adkins,,False,73,65,83,More,10,2000-06-30
Mya Featuring Jadakiss,,False,72,50,84,Best Of Me,12,2000-06-30
Brooks & Dunn,,False,85,85,85,You'll Always Be Loved By Me,4,2000-06-30
Kenny Rogers With Alison Krauss & Billy Dean,,False,82,40,86,Buy Me A Rose,17,2000-06-30
Vitamin C,,False,57,38,87,Graduation (Friends Forever),12,2000-06-30
"Torrey Carter Featuring Missy ""Misdemeanor"" Elliott",,False,94,88,88,Take That,2,2000-06-30
"Trick Daddy Featuring Duece Poppito, Trina, Co",,False,83,83,89,Shut Up,7,2000-06-30
Big Punisher Featuring Donell Jones,,False,84,75,90,It's So Hard,11,2000-06-30
Before Dark,,False,87,77,91,Monica,7,2000-06-30
Darryl Worley,,False,93,88,92,When You Need My Love,4,2000-06-30
Elton John,,False,90,49,93,Someday Out Of The Blue,11,2000-06-30
Nu Flavor,,False,89,89,94,3 Little Words,5,2000-06-30
NAS Featuring Ginuwine,,False,88,59,95,You Owe Me,15,2000-06-30
Phil Vassar,,False,91,45,96,Carlene,18,2000-06-30
En Vogue,,False,92,92,97,Riddle,3,2000-06-30
DMX Featuring Sisqo,,True,0,98,98,What You Want,1,2000-06-30
Snoop Dogg Presents Tha Eastsidaz Featuring Jayo Felony And Blaqthoven,,True,0,99,99,Got Beef,1,2000-06-30
Clint Black With Steve Wariner,,False,95,44,100,Been There,20,2000-06-30
'N Sync,,False,1,1,1,It's Gonna Be Me,14,2000-07-31
Sisqo,,False,55,2,2,Incomplete,7,2000-07-31
matchbox twenty,,False,2,1,3,Bent,15,2000-07-31
Vertical Horizon,,False,3,1,4,Everything You Want,29,2000-07-31
Aaliyah,,False,4,1,5,Try Again,21,2000-07-31
Destiny's Child,,False,8,6,6,"Jumpin', Jumpin'",13,2000-07-31
Joe,,False,5,4,7,I Wanna Know,32,2000-07-31
Nine Days,,False,6,6,8,Absolutely (Story Of A Girl),14,2000-07-31
Creed,,False,7,7,9,Higher,40,2000-07-31
Janet,,False,15,10,10,Doesn't Really Matter,8,2000-07-31
Toni Braxton,,False,10,2,11,He Wasn't Man Enough,21,2000-07-31
P!nk,,False,9,7,12,There You Go,23,2000-07-31
LeAnn Rimes,,False,50,13,13,I Need You,11,2000-07-31
Jagged Edge,,False,11,11,14,Let's Get Married,14,2000-07-31
Ruff Endz,,False,12,12,15,No More,6,2000-07-31
BBMak,,False,13,13,16,Back Here,15,2000-07-31
Nelly,,False,21,17,17,(Hot S**t) Country Grammar,15,2000-07-31
3 Doors Down,,False,22,18,18,Kryptonite,18,2000-07-31
Sting Featuring Cheb Mami,,False,19,19,19,Desert Rose,13,2000-07-31
Marc Anthony,,False,20,2,20,You Sang To Me,24,2000-07-31
Next,,False,24,21,21,Wifey,11,2000-07-31
Faith Hill,,False,18,2,22,Breathe,40,2000-07-31
Jessica Simpson,,False,25,23,23,I Think I'm In Love With You,6,2000-07-31
Enrique Iglesias,,False,14,1,24,Be With You,19,2000-07-31
Christina Aguilera,,False,17,3,25,I Turn To You,17,2000-07-31
Dr. Dre Featuring Snoop Dogg,,False,23,23,26,The Next Episode,11,2000-07-31
Avant,,False,29,23,27,Separated,15,2000-07-31
Mandy Moore,,False,31,28,28,I Wanna Be With You,8,2000-07-31
Jay-Z Featuring UGK,,False,26,18,29,Big Pimpin',16,2000-07-31
Eminem,,False,16,4,30,The Real Slim Shady,14,2000-07-31
Da Brat Featuring Tyrese,,False,28,28,31,What'Chu Like,10,2000-07-31
Son By Four,,False,30,30,32,Purest Of Pain (A Puro Dolor),18,2000-07-31
Everclear,,False,37,33,33,Wonderful,5,2000-07-31
Macy Gray,,False,27,5,34,I Try,25,2000-07-31
Lee Ann Womack,,False,32,32,35,I Hope You Dance,13,2000-07-31
Lara Fabian,,False,40,36,36,I Will Love Again,9,2000-07-31
Lonestar,,False,39,37,37,What About Now,9,2000-07-31
Jo Dee Messina,,False,44,38,38,That's The Way,7,2000-07-31
Santana Featuring Rob Thomas,,False,41,1,39,Smooth,54,2000-07-31
Donell Jones,,False,34,29,40,Where I Wanna Be,16,2000-07-31
Rascal Flatts,,False,46,41,41,Prayin' For Daylight,14,2000-07-31
Lonestar,,False,42,1,42,Amazed,53,2000-07-31
Lucy Pearl,,False,36,36,43,Dance Tonight,12,2000-07-31
Alan Jackson,,False,49,44,44,It Must Be Love,7,2000-07-31
Westlife,,False,33,20,45,Swear It Again,19,2000-07-31
Sisqo,,False,43,3,46,Thong Song,28,2000-07-31
Santana Featuring The Product G&B,,False,48,1,47,Maria Maria,26,2000-07-31
No Doubt,,False,38,38,48,Simple Kind Of Life,6,2000-07-31
Britney Spears,,False,35,9,49,Oops!...I Did It Again,16,2000-07-31
Chad Brock,,False,45,22,50,Yes!,18,2000-07-31
Eric Heatherly,,False,53,51,51,Flowers On The Wall,15,2000-07-31
Whitney Houston & Enrique Iglesias,,False,60,52,52,Could I Have This Kiss Forever,8,2000-07-31
Reba McEntire,,False,51,51,53,I'll Be,13,2000-07-31
Ideal Featuring Lil' Mo,,False,54,54,54,Whatever,9,2000-07-31
Billy Gilman,,False,56,55,55,One Voice,8,2000-07-31
SoulDecision Featuring Thrust,,False,64,56,56,Faded,5,2000-07-31
Christina Aguilera,,True,0,57,57,Come On Over Baby (All I Want Is You),1,2000-07-31
Don Henley,,False,62,58,58,Taking You Home,7,2000-07-31
Sister Hazel,,False,66,59,59,Change Your Mind,4,2000-07-31
Lil' Kim,,False,67,60,60,No Matter What They Say,4,2000-07-31
SHeDAISY,,False,70,61,61,I Will...But,4,2000-07-31
Goo Goo Dolls,,False,57,24,62,Broadway,16,2000-07-31
Savage Garden,,False,58,24,63,Crash And Burn,18,2000-07-31
Kelly Price,,False,69,64,64,As We Lay,4,2000-07-31
Dixie Chicks,,False,68,65,65,Cold Day In July,7,2000-07-31
Kandi,,True,0,66,66,Don't Think I'm Not,1,2000-07-31
Carl Thomas,,False,52,20,67,I Wish,20,2000-07-31
Alice Deejay,,False,65,27,68,Better Off Alone,18,2000-07-31
Toni Braxton,,False,76,69,69,Just Be A Man About It,2,2000-07-31
Tim McGraw,,False,59,58,70,Some Things Never Change,13,2000-07-31
Papa Roach,,False,75,71,71,Last Resort,2,2000-07-31
Red Hot Chili Peppers,,False,72,72,72,Californication,2,2000-07-31
Keith Urban,,False,73,73,73,Your Everything,4,2000-07-31
Brooks & Dunn,,False,74,74,74,You'll Always Be Loved By Me,9,2000-07-31
Common,,True,0,75,75,The Light,1,2000-07-31
Backstreet Boys,,False,61,30,76,The One,11,2000-07-31
Joe,,True,0,77,77,Treat Her Like A Lady,1,2000-07-31
Stone Temple Pilots,,False,78,78,78,Sour Girl,5,2000-07-31
DMX Featuring Sisqo,,False,86,79,79,What You Want,6,2000-07-31
Darryl Worley,,False,80,80,80,When You Need My Love,9,2000-07-31
Splender,,False,71,62,81,I Think God Can Explain,9,2000-07-31
Toby Keith,,True,0,82,82,Country Comes To Town,1,2000-07-31
Clay Davidson,,False,63,49,83,Unconditional,20,2000-07-31
Creed,,False,79,68,84,With Arms Wide Open,13,2000-07-31
Baha Men,,False,92,85,85,Who Let The Dogs Out,3,2000-07-31
Debelah Morgan,,False,91,86,86,Dance With Me,2,2000-07-31
Metallica,,False,82,76,87,I Disappear,13,2000-07-31
Whitney Houston & Deborah Cox,,False,77,70,88,"Same Script, Different Cast",8,2000-07-31
Lil' Zane Featuring 112,,False,83,83,89,Callin' Me,2,2000-07-31
Clay Walker,,False,81,40,90,The Chain Of Love,17,2000-07-31
Eve & Jadakiss,,False,88,88,91,Got It All,4,2000-07-31
504 Boyz,,False,85,17,92,Wobble Wobble,17,2000-07-31
Madison Avenue,,False,93,93,93,Don't Call Me Baby,5,2000-07-31
Mary Mary,,False,84,28,94,Shackles (Praise You),20,2000-07-31
Mariah Carey Featuring Snoop Dogg,,False,90,28,95,Crybaby,7,2000-07-31
LFO,,True,0,96,96,West Side Story,1,2000-07-31
Mya Featuring Jadakiss,,False,94,50,97,Best Of Me,17,2000-07-31
Ghostface Killah,,True,0,98,98,Cherchez LaGhost,1,2000-07-31
"Torrey Carter Featuring Missy ""Misdemeanor"" Elliott",,False,87,86,99,Take That,7,2000-07-31
A*Teens,,False,95,95,100,Dancing Queen,5,2000-07-31
Janet,,False,1,1,1,Doesn't Really Matter,12,2000-08-31
Sisqo,,False,2,1,2,Incomplete,11,2000-08-31
Destiny's Child,,False,4,3,3,"Jumpin', Jumpin'",17,2000-08-31
matchbox twenty,,False,3,1,4,Bent,19,2000-08-31
Ruff Endz,,False,7,5,5,No More,10,2000-08-31
Joe,,False,5,4,6,I Wanna Know,36,2000-08-31
3 Doors Down,,False,12,7,7,Kryptonite,22,2000-08-31
Next,,False,19,8,8,Wifey,15,2000-08-31
Nine Days,,False,8,6,9,Absolutely (Story Of A Girl),18,2000-08-31
'N Sync,,False,6,1,10,It's Gonna Be Me,18,2000-08-31
Nelly,,False,11,11,11,(Hot S**t) Country Grammar,19,2000-08-31
LeAnn Rimes,,False,15,11,12,I Need You,15,2000-08-31
Aaliyah,,False,9,1,13,Try Again,25,2000-08-31
Madonna,,False,18,14,14,Music,4,2000-08-31
Toni Braxton,,False,13,2,15,He Wasn't Man Enough,25,2000-08-31
Creed,,False,14,7,16,Higher,44,2000-08-31
BBMak,,False,16,13,17,Back Here,19,2000-08-31
Vertical Horizon,,False,10,1,18,Everything You Want,33,2000-08-31
Sting Featuring Cheb Mami,,False,17,17,19,Desert Rose,17,2000-08-31
Jagged Edge,,False,20,11,20,Let's Get Married,18,2000-08-31
Lil' Zane Featuring 112,,False,34,21,21,Callin' Me,6,2000-08-31
Everclear,,False,23,22,22,Wonderful,9,2000-08-31
Christina Aguilera,,False,29,23,23,Come On Over Baby (All I Want Is You),5,2000-08-31
Lil Bow Wow Featuring Xscape,,False,35,24,24,Bounce With Me,3,2000-08-31
SoulDecision Featuring Thrust,,False,27,25,25,Faded,9,2000-08-31
Britney Spears,,False,28,26,26,Lucky,4,2000-08-31
Jessica Simpson,,False,21,21,27,I Think I'm In Love With You,10,2000-08-31
Son By Four,,False,31,26,28,Purest Of Pain (A Puro Dolor),22,2000-08-31
Marc Anthony,,False,26,2,29,You Sang To Me,28,2000-08-31
Faith Hill,,False,24,2,30,Breathe,44,2000-08-31
Jo Dee Messina,,False,25,25,31,That's The Way,11,2000-08-31
Toni Braxton,,False,37,32,32,Just Be A Man About It,6,2000-08-31
P!nk,,False,22,7,33,There You Go,27,2000-08-31
98 Degrees,,False,39,34,34,Give Me Just One Night (Una Noche),3,2000-08-31
Lonestar,,False,30,30,35,What About Now,13,2000-08-31
P!nk,,False,52,36,36,Most Girls,4,2000-08-31
Alan Jackson,,False,38,37,37,It Must Be Love,11,2000-08-31
Billy Gilman,,False,43,38,38,One Voice,12,2000-08-31
Da Brat Featuring Tyrese,,False,36,26,39,What'Chu Like,14,2000-08-31
Avant,,False,33,23,40,Separated,19,2000-08-31
Mystikal,,False,65,41,41,Shake Ya Ass,4,2000-08-31
Erykah Badu,,False,53,42,42,Bag Lady,3,2000-08-31
Christina Aguilera,,False,40,3,43,I Turn To You,21,2000-08-31
Dr. Dre Featuring Snoop Dogg,,False,32,23,44,The Next Episode,15,2000-08-31
Creed,,False,62,45,45,With Arms Wide Open,17,2000-08-31
Common,,False,49,46,46,The Light,5,2000-08-31
SHeDAISY,,False,48,47,47,I Will...But,8,2000-08-31
Santana Featuring Rob Thomas,,False,46,1,48,Smooth,58,2000-08-31
Kandi,,False,61,49,49,Don't Think I'm Not,5,2000-08-31
Jay-Z Featuring UGK,,False,41,18,50,Big Pimpin',20,2000-08-31
Bon Jovi,,False,51,51,51,It's My Life,4,2000-08-31
Mya,,False,57,52,52,Case Of The Ex (Whatcha Gonna Do),3,2000-08-31
Mandy Moore,,False,42,24,53,I Wanna Be With You,12,2000-08-31
Lee Ann Womack,,False,44,32,54,I Hope You Dance,17,2000-08-31
Vertical Horizon,,False,64,55,55,You're A God,2,2000-08-31
Brooks & Dunn,,False,56,56,56,You'll Always Be Loved By Me,13,2000-08-31
DMX Featuring Sisqo,,False,58,57,57,What You Want,10,2000-08-31
Debelah Morgan,,False,70,58,58,Dance With Me,6,2000-08-31
Keith Urban,,False,60,59,59,Your Everything,8,2000-08-31
Ideal Featuring Lil' Mo,,False,50,47,60,Whatever,13,2000-08-31
Baha Men,,False,54,54,61,Who Let The Dogs Out,7,2000-08-31
Donell Jones,,False,55,29,62,Where I Wanna Be,20,2000-08-31
Joe Diffie,,False,67,63,63,It's Always Somethin',4,2000-08-31
Papa Roach,,False,66,64,64,Last Resort,6,2000-08-31
Rascal Flatts,,False,47,38,65,Prayin' For Daylight,18,2000-08-31
Toby Keith,,False,69,66,66,Country Comes To Town,5,2000-08-31
George Strait,,False,71,67,67,Go On,2,2000-08-31
Lara Fabian,,False,45,32,68,I Will Love Again,13,2000-08-31
Joe,,False,63,63,69,Treat Her Like A Lady,5,2000-08-31
Whitney Houston & Enrique Iglesias,,False,59,52,70,Could I Have This Kiss Forever,12,2000-08-31
Don Henley,,False,68,58,71,Taking You Home,11,2000-08-31
Aaron Tippin,,False,74,72,72,Kiss This,2,2000-08-31
Faith Hill With Tim McGraw,,False,73,73,73,Let's Make Love,4,2000-08-31
Eminem,,False,87,74,74,The Way I Am,2,2000-08-31
Aaron Carter,,False,99,75,75,Aaron's Party (Come Get It),2,2000-08-31
Yolanda Adams,,False,76,76,76,Open My Heart,2,2000-08-31
Red Hot Chili Peppers,,False,79,72,77,Californication,6,2000-08-31
Darryl Worley,,False,75,75,78,When You Need My Love,13,2000-08-31
Travis Tritt,,False,86,79,79,Best Of Intentions,3,2000-08-31
Third Eye Blind,,True,0,80,80,Deep Inside Of You,1,2000-08-31
Sister Hazel,,False,78,59,81,Change Your Mind,8,2000-08-31
Vince Gill,,True,0,82,82,Feels Like Love,1,2000-08-31
Eric Heatherly,,False,77,50,83,Flowers On The Wall,19,2000-08-31
Lucy Pearl,,False,72,36,84,Dance Tonight,16,2000-08-31
No Doubt,,False,80,38,85,Simple Kind Of Life,10,2000-08-31
Lil' Kim,,False,81,60,86,No Matter What They Say,8,2000-08-31
Goo Goo Dolls,,False,85,24,87,Broadway,20,2000-08-31
Eminem,,False,83,4,88,The Real Slim Shady,18,2000-08-31
Kelly Price,,False,82,64,89,As We Lay,8,2000-08-31
Madison Avenue,,False,92,90,90,Don't Call Me Baby,9,2000-08-31
2Gether,,True,0,91,91,The Hardest Part Of Breaking Up (Is Getting Back Your Stuff),1,2000-08-31
Gerald Levert,,False,89,89,92,Baby U Are,3,2000-08-31
Reba McEntire,,False,84,51,93,I'll Be,17,2000-08-31
Jay-Z Featuring Memphis Bleek & Amil,,False,98,94,94,Hey Papi,4,2000-08-31
Stone Temple Pilots,,False,88,78,95,Sour Girl,9,2000-08-31
Britney Spears,,False,90,9,96,Oops!...I Did It Again,20,2000-08-31
Lil' Mo,,False,97,97,97,Ta Da,4,2000-08-31
Metallica,,False,94,76,98,I Disappear,17,2000-08-31
Zombie Nation,,True,0,99,99,Kernkraft 400,1,2000-08-31
Backstreet Boys,,False,93,30,100,The One,15,2000-08-31
Madonna,,False,1,1,1,Music,8,2000-09-30
98 Degrees,,False,19,2,2,Give Me Just One Night (Una Noche),7,2000-09-30
Janet,,False,2,1,3,Doesn't Really Matter,16,2000-09-30
Destiny's Child,,False,3,3,4,"Jumpin', Jumpin'",21,2000-09-30
3 Doors Down,,False,6,5,5,Kryptonite,26,2000-09-30
matchbox twenty,,False,4,1,6,Bent,23,2000-09-30
Sisqo,,False,5,1,7,Incomplete,15,2000-09-30
Nelly,,False,7,7,8,(Hot S**t) Country Grammar,23,2000-09-30
Christina Aguilera,,False,9,9,9,Come On Over Baby (All I Want Is You),9,2000-09-30
Creed,,False,11,10,10,With Arms Wide Open,21,2000-09-30
Everclear,,False,25,11,11,Wonderful,13,2000-09-30
Ruff Endz,,False,10,5,12,No More,14,2000-09-30
P!nk,,False,15,13,13,Most Girls,8,2000-09-30
Joe,,False,8,4,14,I Wanna Know,40,2000-09-30
Mystikal,,False,22,15,15,Shake Ya Ass,8,2000-09-30
BBMak,,False,17,13,16,Back Here,23,2000-09-30
Toni Braxton,,False,13,2,17,He Wasn't Man Enough,29,2000-09-30
Nine Days,,False,14,6,18,Absolutely (Story Of A Girl),22,2000-09-30
LeAnn Rimes,,False,16,11,19,I Need You,19,2000-09-30
Lil Bow Wow Featuring Xscape,,False,20,20,20,Bounce With Me,7,2000-09-30
Next,,False,12,7,21,Wifey,19,2000-09-30
Aaliyah,,False,23,1,22,Try Again,29,2000-09-30
'N Sync,,False,18,1,23,It's Gonna Be Me,22,2000-09-30
Mya,,False,31,24,24,Case Of The Ex (Whatcha Gonna Do),7,2000-09-30
Profyle,,False,32,25,25,Liar,3,2000-09-30
Creed,,False,21,7,26,Higher,48,2000-09-30
SoulDecision Featuring Thrust,,False,27,22,27,Faded,13,2000-09-30
Kandi,,False,33,28,28,Don't Think I'm Not,9,2000-09-30
Jagged Edge,,False,24,11,29,Let's Get Married,22,2000-09-30
Sting Featuring Cheb Mami,,False,26,17,30,Desert Rose,21,2000-09-30
Vertical Horizon,,False,37,31,31,You're A God,6,2000-09-30
Jo Dee Messina,,False,28,25,32,That's The Way,15,2000-09-30
Bon Jovi,,False,36,33,33,It's My Life,8,2000-09-30
Erykah Badu,,False,42,34,34,Bag Lady,7,2000-09-30
Son By Four,,False,39,26,35,Purest Of Pain (A Puro Dolor),26,2000-09-30
Vertical Horizon,,False,29,1,36,Everything You Want,37,2000-09-30
Aaron Carter,,False,35,35,37,Aaron's Party (Come Get It),6,2000-09-30
Toni Braxton,,False,34,32,38,Just Be A Man About It,10,2000-09-30
Faith Hill,,False,38,2,39,Breathe,48,2000-09-30
Britney Spears,,False,30,23,40,Lucky,8,2000-09-30
Debelah Morgan,,False,48,41,41,Dance With Me,10,2000-09-30
Faith Hill,,False,46,35,42,The Way You Love Me,22,2000-09-30
SHeDAISY,,False,44,43,43,I Will...But,12,2000-09-30
Marc Anthony,,False,40,2,44,You Sang To Me,32,2000-09-30
Barenaked Ladies,,False,69,45,45,Pinch Me,4,2000-09-30
P!nk,,False,41,7,46,There You Go,31,2000-09-30
Aaron Tippin,,False,52,47,47,Kiss This,6,2000-09-30
George Strait,,False,53,48,48,Go On,6,2000-09-30
Samantha Mumba,,False,65,49,49,Gotta Tell You,4,2000-09-30
Travis Tritt,,False,56,50,50,Best Of Intentions,7,2000-09-30
Common,,False,51,44,51,The Light,9,2000-09-30
Dr. Dre Featuring Snoop Dogg,,False,50,23,52,The Next Episode,19,2000-09-30
Baha Men,,False,54,53,53,Who Let The Dogs Out,11,2000-09-30
Lonestar,,False,43,30,54,What About Now,17,2000-09-30
Toby Keith,,False,58,55,55,Country Comes To Town,9,2000-09-30
John Michael Montgomery,,False,64,56,56,The Little Girl,4,2000-09-30
DMX Featuring Sisqo,,False,49,49,57,What You Want,14,2000-09-30
Eminem,,False,59,58,58,The Way I Am,6,2000-09-30
Lil' Zane Featuring 112,,False,45,21,59,Callin' Me,10,2000-09-30
Faith Hill With Tim McGraw,,False,60,60,60,Let's Make Love,8,2000-09-30
Ja Rule Featuring Christina Milian,,False,74,61,61,Between Me And You,3,2000-09-30
Alan Jackson,,False,47,37,62,It Must Be Love,15,2000-09-30
Destiny's Child,,False,78,63,63,Independent Women Part I,2,2000-09-30
Papa Roach,,False,66,61,64,Last Resort,10,2000-09-30
Da Brat Featuring Tyrese,,False,62,26,65,What'Chu Like,18,2000-09-30
Keith Urban,,False,55,51,66,Your Everything,12,2000-09-30
Yolanda Adams,,False,68,67,67,Open My Heart,6,2000-09-30
'N Sync,,True,0,68,68,This I Promise You,1,2000-09-30
Joe Diffie,,False,63,57,69,It's Always Somethin',8,2000-09-30
Third Eye Blind,,False,70,70,70,Deep Inside Of You,5,2000-09-30
R. Kelly,,True,0,71,71,I Wish,1,2000-09-30
Joe,,False,67,63,72,Treat Her Like A Lady,9,2000-09-30
Vince Gill,,False,73,73,73,Feels Like Love,5,2000-09-30
Jessica Simpson,,False,57,21,74,I Think I'm In Love With You,14,2000-09-30
Martina McBride,,False,75,75,75,There You Are,4,2000-09-30
Marc Anthony,,False,76,76,76,My Baby You,3,2000-09-30
Billy Gilman,,False,61,38,77,One Voice,16,2000-09-30
Jay-Z Featuring Memphis Bleek & Amil,,False,80,78,78,Hey Papi,8,2000-09-30
Red Hot Chili Peppers,,False,85,72,79,Californication,10,2000-09-30
Changing Faces,,True,0,80,80,That Other Woman,1,2000-09-30
Phil Vassar,,True,0,81,81,Just Another Day In Paradise,1,2000-09-30
Carl Thomas,,False,82,82,82,Summer Rain,2,2000-09-30
LeAnn Rimes,,False,79,71,83,Can't Fight The Moonlight,4,2000-09-30
Tamia,,False,86,84,84,Can't Go For That,3,2000-09-30
Don Henley,,False,83,58,85,Taking You Home,15,2000-09-30
Brooks & Dunn,,False,71,55,86,You'll Always Be Loved By Me,17,2000-09-30
Sister Hazel,,False,84,59,87,Change Your Mind,12,2000-09-30
Madison Avenue,,False,88,88,88,Don't Call Me Baby,13,2000-09-30
Ludacris Featuring Shawnna,,True,0,89,89,What's Your Fantasy,1,2000-09-30
Shyne Featuring Barrington Levy,,False,90,87,90,Bad Boyz,4,2000-09-30
Kelly Price,,False,91,91,91,You Should've Told Me,2,2000-09-30
Ideal Featuring Lil' Mo,,False,81,47,92,Whatever,17,2000-09-30
Patty Loveless,,False,93,93,93,That's The Kind Of Mood I'm In,3,2000-09-30
Mandy Moore,,False,77,24,94,I Wanna Be With You,16,2000-09-30
Whitney Houston & Enrique Iglesias,,False,87,52,95,Could I Have This Kiss Forever,16,2000-09-30
Lara Fabian,,False,89,32,96,I Will Love Again,17,2000-09-30
Billy Ray Cyrus,,False,97,97,97,You Won't Be Lonely Now,2,2000-09-30
Stone Temple Pilots,,False,94,78,98,Sour Girl,13,2000-09-30
Dream,,True,0,99,99,He Loves U Not,1,2000-09-30
Trina,,False,96,93,100,Pull Over,4,2000-09-30
